CustomerID,frequency,recency,T,monetary_value
12347,6.0,365.0,367.0,599.7016666666667
12348,3.0,283.0,358.0,261.48
12352,6.0,260.0,296.0,181.54
12356,2.0,303.0,325.0,269.905
12358,1.0,149.0,150.0,523.2
12359,3.0,274.0,331.0,1920.8433333333332
12360,2.0,148.0,200.0,689.24
12362,9.0,292.0,295.0,478.1255555555556
12364,3.0,105.0,112.0,209.7266666666667
12370,3.0,309.0,360.0,611.6233333333333
12372,2.0,225.0,296.0,416.40999999999997
12375,1.0,88.0,98.0,187.2
12377,1.0,39.0,354.0,546.6
12379,1.0,89.0,170.0,362.4
12380,3.0,164.0,185.0,621.7533333333333
12381,2.0,115.0,119.0,223.035
12383,4.0,168.0,352.0,268.21
12384,1.0,93.0,121.0,212.58
12386,1.0,29.0,366.0,143.0
12388,5.0,311.0,326.0,469.872
12393,3.0,260.0,332.0,373.3666666666666
12394,1.0,154.0,217.0,729.4000000000001
12395,10.0,352.0,371.0,237.253
12397,1.0,100.0,135.0,1105.09
12399,3.0,142.0,261.0,253.53333333333333
12406,1.0,161.0,183.0,1794.05
12407,4.0,215.0,264.0,323.955
12408,3.0,228.0,260.0,618.6533333333333
12409,2.0,104.0,182.0,2432.795
12412,2.0,95.0,169.0,332.19
12413,2.0,271.0,337.0,130.425
12414,2.0,93.0,310.0,164.325
12415,14.0,313.0,337.0,8396.653571428571
12417,8.0,354.0,357.0,370.595
12421,3.0,304.0,319.0,169.86333333333334
12422,2.0,229.0,324.0,222.53
12423,7.0,353.0,353.0,205.9114285714286
12427,2.0,350.0,371.0,225.15
12428,6.0,258.0,283.0,331.20666666666665
12429,3.0,356.0,365.0,750.3000000000001
12431,13.0,338.0,373.0,458.2076923076923
12432,1.0,130.0,172.0,1042.66
12433,5.0,373.0,373.0,2291.346
12434,1.0,176.0,260.0,519.89
12435,1.0,188.0,267.0,3850.8999999999996
12437,14.0,330.0,331.0,293.4792857142857
12438,1.0,126.0,140.0,1696.78
12444,4.0,150.0,171.0,553.8149999999999
12449,3.0,165.0,187.0,942.4533333333334
12450,1.0,17.0,173.0,96.0
12451,4.0,314.0,324.0,1519.0025
12455,4.0,223.0,296.0,163.99
12456,2.0,210.0,254.0,900.435
12457,5.0,173.0,239.0,298.796
12458,1.0,213.0,284.0,425.48
12462,1.0,285.0,303.0,343.48
12463,3.0,188.0,241.0,295.40333333333336
12464,6.0,299.0,309.0,131.35833333333332
12465,1.0,152.0,169.0,271.25
12468,1.0,129.0,316.0,472.95
12471,18.0,362.0,364.0,857.8688888888888
12472,6.0,337.0,369.0,757.4683333333334
12473,2.0,138.0,191.0,998.02
12474,16.0,312.0,329.0,405.04312500000003
12476,9.0,346.0,361.0,653.9966666666667
12477,5.0,279.0,301.0,2172.7580000000003
12480,3.0,308.0,336.0,713.7933333333334
12481,7.0,343.0,365.0,694.6342857142857
12483,7.0,322.0,339.0,223.3457142857143
12484,3.0,301.0,336.0,970.8833333333333
12488,2.0,66.0,75.0,345.635
12490,9.0,324.0,329.0,453.96777777777777
12492,1.0,42.0,105.0,118.82
12493,1.0,32.0,197.0,183.24
12494,6.0,350.0,365.0,174.08333333333334
12498,1.0,36.0,57.0,138.45
12500,9.0,310.0,333.0,414.76444444444445
12502,4.0,214.0,309.0,622.655
12504,1.0,12.0,30.0,32.65
12507,2.0,164.0,298.0,345.325
12508,1.0,3.0,29.0,123.08
12510,1.0,183.0,325.0,217.51999999999998
12516,1.0,103.0,180.0,656.86
12517,3.0,162.0,190.0,517.3000000000001
12518,4.0,110.0,110.0,388.015
12520,4.0,194.0,273.0,362.21
12522,1.0,12.0,51.0,85.32000000000001
12523,10.0,312.0,331.0,159.68200000000002
12524,7.0,324.0,333.0,523.1899999999999
12526,2.0,94.0,94.0,344.17999999999995
12527,2.0,244.0,325.0,108.095
12528,5.0,303.0,312.0,241.19
12530,3.0,277.0,336.0,388.96000000000004
12535,1.0,95.0,186.0,344.9
12539,3.0,311.0,333.0,1284.1666666666667
12540,16.0,342.0,361.0,677.451875
12541,2.0,251.0,280.0,278.39
12545,1.0,184.0,259.0,288.24
12546,1.0,31.0,77.0,345.3
12547,1.0,83.0,280.0,20.4
12553,9.0,321.0,329.0,298.4411111111111
12556,1.0,101.0,151.0,290.81
12557,4.0,355.0,371.0,2842.7400000000002
12559,1.0,9.0,319.0,75.6
12560,1.0,138.0,143.0,625.7
12562,6.0,190.0,198.0,499.12999999999994
12567,8.0,347.0,369.0,905.545
12569,25.0,250.0,252.0,117.2004
12571,1.0,82.0,121.0,271.26
12572,1.0,43.0,51.0,433.68
12576,4.0,269.0,304.0,262.245
12577,1.0,324.0,359.0,426.76
12578,1.0,309.0,330.0,989.85
12582,1.0,50.0,288.0,186.2
12583,14.0,371.0,373.0,421.68
12584,8.0,277.0,280.0,234.315
12585,1.0,117.0,351.0,669.25
12589,1.0,116.0,144.0,461.18
12592,1.0,121.0,213.0,187.8
12593,2.0,110.0,218.0,91.05
12594,8.0,285.0,322.0,365.40250000000003
12596,1.0,191.0,242.0,236.32
12597,3.0,249.0,268.0,921.0233333333332
12598,6.0,275.0,284.0,365.7033333333333
12599,6.0,275.0,304.0,120.45333333333333
12600,9.0,343.0,371.0,250.28222222222223
12601,4.0,143.0,332.0,90.19999999999999
12604,1.0,182.0,261.0,75.67999999999999
12609,2.0,240.0,318.0,356.46000000000004
12610,3.0,104.0,126.0,304.2633333333333
12613,2.0,205.0,262.0,1171.36
12615,3.0,166.0,168.0,504.15000000000003
12616,1.0,202.0,297.0,421.7
12619,7.0,237.0,253.0,391.36857142857144
12620,2.0,190.0,204.0,370.875
12621,16.0,364.0,365.0,748.94125
12624,1.0,71.0,177.0,305.19
12625,1.0,108.0,319.0,823.2
12626,8.0,303.0,326.0,625.3100000000001
12627,5.0,130.0,140.0,677.302
12628,2.0,60.0,64.0,208.41
12630,1.0,34.0,43.0,449.09
12633,3.0,229.0,287.0,341.72
12635,1.0,65.0,154.0,879.54
12637,6.0,256.0,323.0,732.7033333333334
12640,2.0,58.0,81.0,159.995
12642,2.0,82.0,107.0,287.405
12643,4.0,204.0,332.0,551.61
12645,3.0,283.0,316.0,426.6266666666667
12646,1.0,45.0,49.0,615.28
12647,10.0,347.0,369.0,284.682
12649,1.0,105.0,212.0,230.51
12653,1.0,148.0,296.0,1430.75
12654,3.0,285.0,295.0,127.12666666666667
12656,4.0,216.0,233.0,787.4925000000001
12657,2.0,67.0,78.0,440.37
12662,9.0,373.0,373.0,366.70000000000005
12664,8.0,314.0,322.0,476.2875
12668,3.0,344.0,355.0,926.4266666666666
12669,1.0,106.0,256.0,399.43
12670,4.0,222.0,232.0,541.25
12673,1.0,321.0,326.0,353.62
12674,3.0,169.0,207.0,431.2866666666667
12676,5.0,287.0,311.0,124.378
12678,7.0,311.0,353.0,2325.4542857142856
12679,3.0,225.0,283.0,76.32
12680,3.0,113.0,113.0,171.67666666666665
12681,19.0,353.0,367.0,600.2115789473685
12682,26.0,368.0,371.0,412.29153846153844
12683,10.0,361.0,365.0,665.749
12684,5.0,206.0,213.0,324.106
12685,5.0,65.0,93.0,415.968
12689,1.0,102.0,127.0,664.58
12691,4.0,329.0,357.0,191.45000000000002
12693,3.0,192.0,319.0,195.28666666666666
12694,1.0,113.0,183.0,376.16999999999996
12695,3.0,203.0,210.0,164.28333333333333
12697,2.0,141.0,169.0,223.545
12700,3.0,208.0,215.0,1180.52
12701,1.0,163.0,242.0,424.63
12704,6.0,162.0,169.0,241.88
12705,7.0,342.0,357.0,812.3271428571428
12708,9.0,339.0,368.0,251.60777777777776
12709,14.0,351.0,366.0,643.13
12710,2.0,105.0,201.0,188.02999999999997
12712,12.0,343.0,371.0,314.21666666666664
12714,4.0,285.0,294.0,854.14
12716,1.0,130.0,133.0,339.59
12717,1.0,94.0,245.0,321.24
12719,1.0,60.0,65.0,325.35
12720,20.0,367.0,369.0,235.717
12721,5.0,323.0,354.0,423.506
12722,3.0,65.0,150.0,225.56999999999996
12723,2.0,62.0,65.0,203.82999999999998
12724,3.0,327.0,332.0,262.17
12726,6.0,329.0,357.0,376.46999999999997
12727,5.0,310.0,320.0,606.8399999999999
12728,3.0,261.0,332.0,170.59666666666666
12731,10.0,341.0,364.0,1782.4009999999998
12735,1.0,22.0,337.0,405.8
12744,3.0,262.0,318.0,2355.773333333333
12747,10.0,367.0,369.0,383.745
12748,112.0,373.0,373.0,282.55205357142853
12749,3.0,210.0,213.0,1060.5933333333332
12753,5.0,340.0,362.0,3567.7599999999998
12754,2.0,73.0,308.0,1482.5850000000003
12755,1.0,85.0,365.0,17.549999999999997
12757,7.0,196.0,211.0,510.56
12758,1.0,160.0,276.0,1221.4
12759,2.0,223.0,275.0,498.32
12762,1.0,18.0,25.0,1296.93
12763,1.0,231.0,369.0,174.0
12766,6.0,363.0,366.0,912.7233333333334
12775,4.0,294.0,311.0,274.14750000000004
12778,5.0,293.0,312.0,114.75
12779,7.0,334.0,371.0,533.3142857142857
12781,1.0,221.0,284.0,237.48000000000002
12782,4.0,353.0,357.0,389.85499999999996
12783,3.0,73.0,75.0,337.6166666666666
12787,2.0,183.0,192.0,137.78
12793,1.0,37.0,371.0,357.68
12794,1.0,45.0,98.0,543.41
12798,2.0,160.0,170.0,2685.0
12808,2.0,332.0,368.0,177.125
12811,1.0,23.0,284.0,246.6
12815,1.0,51.0,198.0,368.1
12816,1.0,81.0,176.0,213.55
12820,3.0,323.0,326.0,257.29333333333335
12822,1.0,17.0,87.0,257.98
12823,4.0,222.0,296.0,363.375
12826,6.0,363.0,365.0,219.95333333333335
12827,2.0,39.0,44.0,106.19999999999999
12828,5.0,128.0,130.0,158.342
12829,1.0,24.0,360.0,207.25
12830,4.0,134.0,171.0,1148.2
12832,1.0,66.0,98.0,115.23
12836,3.0,252.0,311.0,587.89
12838,1.0,340.0,373.0,281.16
12839,13.0,365.0,367.0,399.1392307692307
12840,3.0,83.0,226.0,624.2333333333332
12841,23.0,367.0,371.0,160.75347826086957
12842,1.0,238.0,308.0,808.26
12843,7.0,199.0,264.0,229.83714285714285
12844,1.0,101.0,130.0,151.08
12845,3.0,23.0,290.0,96.33333333333333
12849,1.0,237.0,268.0,341.44
12853,2.0,181.0,315.0,764.8499999999999
12854,2.0,240.0,318.0,463.175
12856,5.0,56.0,63.0,355.658
12857,1.0,92.0,302.0,304.8
12865,1.0,97.0,123.0,586.85
12867,6.0,334.0,360.0,607.7583333333333
12868,5.0,188.0,373.0,280.752
12871,1.0,123.0,207.0,248.64
12872,1.0,39.0,365.0,221.44
12875,1.0,219.0,362.0,49.47
12876,1.0,139.0,196.0,1386.5900000000001
12877,11.0,355.0,358.0,125.97363636363637
12878,1.0,30.0,266.0,539.8100000000001
12879,2.0,47.0,91.0,216.35999999999999
12882,1.0,24.0,33.0,991.1999999999999
12883,1.0,65.0,89.0,411.84
12885,1.0,60.0,123.0,529.87
12886,1.0,152.0,219.0,603.4
12888,1.0,41.0,255.0,81.36
12891,2.0,107.0,292.0,144.5
12895,1.0,44.0,86.0,105.0
12897,1.0,97.0,301.0,87.7
12901,22.0,262.0,270.0,786.579090909091
12904,1.0,154.0,172.0,251.37
12906,1.0,67.0,78.0,983.22
12908,1.0,136.0,312.0,432.0
12909,3.0,214.0,253.0,425.0733333333333
12910,5.0,218.0,241.0,470.96399999999994
12912,4.0,38.0,40.0,336.06
12913,4.0,364.0,368.0,516.5024999999999
12915,1.0,224.0,372.0,164.0
12916,3.0,182.0,320.0,712.6333333333333
12919,5.0,161.0,169.0,225.798
12921,22.0,364.0,373.0,739.304090909091
12924,3.0,239.0,327.0,289.18666666666667
12925,1.0,70.0,74.0,325.74
12928,4.0,324.0,359.0,417.59
12930,1.0,93.0,171.0,194.24
12931,11.0,336.0,357.0,3807.1781818181817
12933,2.0,259.0,283.0,248.39
12935,5.0,317.0,319.0,345.81399999999996
12936,2.0,61.0,78.0,132.72
12937,3.0,252.0,267.0,428.9466666666667
12939,5.0,270.0,334.0,1929.7199999999998
12940,1.0,33.0,87.0,538.42
12942,2.0,234.0,365.0,208.425
12944,1.0,319.0,354.0,317.56
12947,5.0,230.0,373.0,259.99
12948,6.0,248.0,264.0,282.19166666666666
12949,4.0,222.0,252.0,658.23
12950,2.0,22.0,24.0,765.7
12951,5.0,322.0,330.0,175.07599999999996
12952,2.0,73.0,78.0,328.125
12955,10.0,266.0,267.0,428.334
12957,6.0,330.0,339.0,600.6433333333333
12962,1.0,106.0,113.0,95.85
12963,6.0,357.0,365.0,248.47166666666666
12967,1.0,13.0,371.0,292.5
12970,1.0,315.0,322.0,381.67
12971,70.0,369.0,372.0,159.21128571428574
12980,8.0,201.0,358.0,810.6975
12981,1.0,104.0,133.0,185.04
12985,1.0,28.0,28.0,485.0
12987,1.0,124.0,197.0,254.4
12989,12.0,361.0,364.0,560.1341666666666
12990,2.0,279.0,310.0,156.0
12991,1.0,89.0,112.0,200.2
12993,3.0,275.0,298.0,103.95333333333333
12994,2.0,264.0,268.0,310.90999999999997
12997,3.0,295.0,317.0,307.11333333333334
12999,2.0,49.0,245.0,67.8
13000,2.0,258.0,364.0,166.54999999999998
13001,12.0,322.0,326.0,748.3766666666667
13003,2.0,109.0,214.0,45.0
13004,16.0,346.0,357.0,331.18125
13005,1.0,73.0,246.0,192.05
13012,7.0,285.0,294.0,181.36714285714285
13013,11.0,370.0,371.0,298.41818181818184
13014,9.0,271.0,281.0,327.8777777777778
13015,3.0,196.0,249.0,891.6233333333333
13016,1.0,50.0,123.0,364.64
13018,19.0,279.0,295.0,365.60526315789474
13021,7.0,354.0,358.0,351.29
13023,1.0,65.0,129.0,308.5
13026,4.0,274.0,275.0,222.75
13027,5.0,241.0,354.0,1094.4
13028,1.0,23.0,45.0,305.38
13029,2.0,323.0,353.0,432.5
13030,1.0,357.0,368.0,350.08
13032,1.0,35.0,87.0,513.88
13034,1.0,315.0,369.0,476.90999999999997
13035,1.0,187.0,260.0,588.88
13037,2.0,118.0,256.0,315.325
13038,2.0,210.0,290.0,256.68
13040,1.0,25.0,33.0,373.74
13046,1.0,236.0,266.0,431.59000000000003
13047,6.0,317.0,373.0,477.66
13048,3.0,313.0,327.0,447.26666666666665
13049,1.0,254.0,318.0,502.9
13050,16.0,352.0,366.0,344.06875
13055,1.0,135.0,213.0,869.55
13058,2.0,127.0,151.0,111.925
13064,3.0,315.0,327.0,300.7633333333333
13066,1.0,8.0,32.0,318.99
13068,1.0,309.0,319.0,179.0
13069,19.0,369.0,369.0,215.7336842105263
13077,2.0,365.0,366.0,207.15000000000003
13078,24.0,363.0,366.0,504.73125
13079,4.0,136.0,140.0,49.075
13081,8.0,360.0,371.0,3246.325
13082,6.0,212.0,338.0,539.0316666666666
13083,1.0,71.0,75.0,111.36
13085,1.0,138.0,295.0,137.98
13089,65.0,367.0,369.0,892.7335384615385
13090,12.0,364.0,372.0,727.935
13092,4.0,289.0,359.0,73.095
13093,6.0,98.0,373.0,1172.1783333333333
13094,11.0,347.0,368.0,154.87636363636364
13097,8.0,328.0,360.0,712.29
13098,25.0,316.0,317.0,1129.3455999999999
13102,19.0,364.0,365.0,321.4352631578947
13104,5.0,351.0,354.0,199.344
13107,3.0,289.0,333.0,321.5933333333333
13109,1.0,98.0,157.0,416.69
13110,5.0,280.0,311.0,243.42400000000004
13113,22.0,366.0,366.0,539.6813636363636
13115,3.0,173.0,184.0,472.07666666666665
13117,7.0,351.0,372.0,111.82714285714285
13118,3.0,269.0,288.0,335.62666666666667
13122,1.0,146.0,240.0,18.72
13124,2.0,270.0,359.0,1250.005
13126,6.0,362.0,366.0,312.7
13131,2.0,164.0,187.0,374.20000000000005
13133,1.0,31.0,304.0,57.449999999999996
13134,3.0,155.0,240.0,431.1266666666667
13136,3.0,156.0,212.0,677.7166666666667
13137,7.0,298.0,308.0,485.2371428571428
13138,5.0,350.0,372.0,153.832
13139,5.0,243.0,259.0,931.0880000000001
13140,2.0,258.0,366.0,132.10500000000002
13141,3.0,231.0,315.0,621.3933333333333
13145,3.0,333.0,372.0,107.83999999999999
13147,3.0,89.0,99.0,198.0
13148,6.0,335.0,364.0,562.31
13149,3.0,275.0,289.0,433.10666666666674
13155,3.0,335.0,368.0,197.35333333333332
13157,3.0,249.0,298.0,514.4666666666667
13158,3.0,224.0,318.0,314.8833333333333
13159,3.0,107.0,115.0,324.0133333333333
13162,3.0,212.0,334.0,311.6766666666667
13165,1.0,305.0,351.0,666.84
13167,3.0,125.0,143.0,178.80666666666664
13168,3.0,282.0,318.0,225.75333333333333
13169,1.0,189.0,252.0,207.68
13171,2.0,278.0,299.0,164.03
13173,1.0,363.0,367.0,187.71
13174,2.0,353.0,369.0,684.88
13178,10.0,334.0,360.0,501.547
13183,8.0,327.0,334.0,416.5925
13184,8.0,276.0,290.0,181.92874999999998
13186,2.0,89.0,128.0,293.775
13189,1.0,97.0,115.0,133.68
13192,1.0,110.0,205.0,447.62
13196,2.0,251.0,262.0,642.8249999999999
13198,5.0,351.0,361.0,603.338
13199,31.0,363.0,366.0,301.0787096774194
13200,3.0,107.0,126.0,183.59
13203,3.0,233.0,242.0,234.58333333333334
13207,1.0,135.0,150.0,52.74
13208,4.0,250.0,309.0,256.18
13209,5.0,331.0,361.0,1114.5520000000001
13211,2.0,351.0,361.0,492.36
13212,1.0,42.0,61.0,495.36
13213,3.0,143.0,199.0,368.43333333333334
13217,2.0,34.0,156.0,224.48999999999998
13220,3.0,158.0,236.0,245.29666666666665
13221,1.0,119.0,359.0,346.7
13223,1.0,32.0,232.0,62.4
13224,1.0,91.0,151.0,940.69
13225,6.0,358.0,361.0,876.1866666666666
13230,12.0,361.0,365.0,221.84833333333333
13232,6.0,231.0,243.0,201.72
13233,1.0,262.0,336.0,300.88
13236,1.0,82.0,106.0,305.62
13238,3.0,343.0,360.0,203.19333333333336
13240,3.0,269.0,365.0,141.54333333333332
13242,1.0,101.0,213.0,166.4
13246,5.0,312.0,330.0,325.87
13247,3.0,65.0,82.0,65.35
13248,1.0,65.0,189.0,78.21000000000001
13249,2.0,169.0,261.0,209.785
13253,1.0,183.0,339.0,553.92
13255,1.0,364.0,373.0,173.81
13258,2.0,194.0,205.0,236.98000000000002
13261,1.0,17.0,285.0,99.0
13263,31.0,324.0,325.0,234.51774193548388
13265,4.0,220.0,273.0,446.305
13266,11.0,245.0,256.0,321.0945454545454
13267,13.0,364.0,366.0,322.54153846153844
13268,9.0,250.0,267.0,278.2422222222222
13269,12.0,368.0,369.0,415.9875
13272,1.0,58.0,89.0,135.6
13276,1.0,36.0,99.0,453.55
13277,3.0,118.0,133.0,60.833333333333336
13280,2.0,215.0,337.0,253.755
13282,2.0,202.0,220.0,393.71999999999997
13283,1.0,126.0,185.0,68.16
13285,3.0,267.0,290.0,680.7433333333333
13292,1.0,246.0,284.0,329.37
13294,1.0,60.0,249.0,390.09000000000003
13297,2.0,60.0,67.0,387.235
13301,3.0,189.0,292.0,142.09333333333333
13305,9.0,368.0,372.0,207.18444444444444
13308,2.0,181.0,203.0,285.28
13309,4.0,301.0,308.0,266.52
13310,2.0,296.0,324.0,360.92499999999995
13311,1.0,146.0,150.0,108.46
13313,4.0,317.0,339.0,312.005
13314,2.0,72.0,73.0,138.16
13316,3.0,217.0,254.0,1370.1499999999999
13317,3.0,292.0,358.0,678.5433333333334
13318,2.0,36.0,37.0,168.9
13319,16.0,360.0,365.0,630.391875
13320,2.0,135.0,213.0,511.79499999999996
13321,1.0,14.0,86.0,308.32
13323,4.0,81.0,84.0,166.8875
13324,5.0,324.0,360.0,1294.3700000000001
13327,6.0,327.0,365.0,480.46166666666664
13329,1.0,335.0,366.0,484.8
13330,2.0,223.0,315.0,402.55499999999995
13334,2.0,223.0,305.0,932.565
13340,4.0,231.0,276.0,1764.6125
13344,1.0,210.0,277.0,855.54
13350,1.0,63.0,79.0,282.55
13362,3.0,278.0,287.0,759.3466666666667
13363,1.0,26.0,43.0,338.68
13365,1.0,184.0,217.0,1524.77
13368,1.0,81.0,337.0,538.0
13373,2.0,216.0,276.0,1162.275
13376,2.0,135.0,234.0,271.88
13379,2.0,110.0,136.0,218.135
13381,5.0,267.0,298.0,644.64
13384,5.0,148.0,178.0,595.866
13389,2.0,221.0,232.0,270.03499999999997
13394,7.0,308.0,309.0,315.18
13396,1.0,290.0,319.0,973.72
13397,4.0,267.0,339.0,311.0525
13402,1.0,245.0,372.0,312.95
13404,1.0,211.0,212.0,34.68
13405,1.0,113.0,317.0,397.4
13408,40.0,372.0,373.0,677.309
13410,4.0,267.0,291.0,188.20499999999998
13414,2.0,163.0,296.0,500.25
13416,1.0,38.0,81.0,437.5
13417,1.0,201.0,205.0,404.83
13418,12.0,361.0,372.0,458.68250000000006
13420,1.0,21.0,170.0,104.05
13421,1.0,250.0,290.0,1008.67
13425,2.0,186.0,294.0,611.32
13426,9.0,359.0,359.0,367.1488888888889
13427,2.0,196.0,215.0,184.05
13429,3.0,65.0,75.0,225.4
13430,1.0,68.0,86.0,343.14
13431,1.0,21.0,88.0,415.42
13434,1.0,22.0,96.0,461.4
13435,6.0,184.0,189.0,561.0283333333333
13437,6.0,176.0,190.0,327.86
13447,2.0,12.0,35.0,452.71500000000003
13448,4.0,357.0,373.0,772.6824999999999
13450,5.0,192.0,218.0,360.62399999999997
13451,4.0,308.0,334.0,634.7674999999999
13452,1.0,11.0,270.0,295.0
13453,1.0,124.0,289.0,171.98
13455,1.0,342.0,366.0,365.4
13456,5.0,190.0,207.0,311.812
13458,13.0,352.0,359.0,650.8238461538463
13460,1.0,20.0,49.0,75.98
13461,2.0,125.0,163.0,434.29999999999995
13467,1.0,26.0,36.0,301.25
13468,35.0,372.0,373.0,152.712
13470,1.0,16.0,115.0,49.5
13471,3.0,46.0,47.0,520.0566666666667
13473,1.0,272.0,332.0,181.38
13475,3.0,107.0,298.0,371.5533333333333
13476,1.0,103.0,281.0,510.87
13477,5.0,254.0,291.0,253.836
13479,1.0,34.0,234.0,156.6
13481,3.0,211.0,256.0,379.76000000000005
13486,2.0,77.0,155.0,460.125
13487,2.0,296.0,353.0,191.125
13488,11.0,350.0,367.0,689.6718181818183
13489,3.0,189.0,294.0,124.08
13491,9.0,321.0,372.0,124.10222222222222
13492,2.0,78.0,214.0,477.27
13493,1.0,12.0,287.0,359.28
13495,4.0,361.0,368.0,383.48
13496,1.0,349.0,359.0,152.32
13497,1.0,86.0,368.0,194.55
13499,4.0,252.0,269.0,250.22
13500,2.0,99.0,122.0,420.185
13502,2.0,307.0,323.0,88.7
13505,3.0,160.0,232.0,927.98
13506,1.0,53.0,369.0,157.4
13507,3.0,142.0,145.0,412.26
13509,5.0,276.0,284.0,151.07999999999998
13510,3.0,182.0,183.0,402.08
13515,3.0,175.0,247.0,229.24
13516,2.0,217.0,238.0,621.705
13517,2.0,120.0,179.0,513.28
13520,5.0,313.0,371.0,552.1899999999999
13521,2.0,9.0,10.0,396.495
13523,3.0,333.0,366.0,1132.6433333333332
13524,4.0,179.0,219.0,130.245
13525,1.0,234.0,248.0,345.9
13527,5.0,293.0,326.0,426.38199999999995
13529,1.0,126.0,204.0,126.66000000000001
13531,1.0,161.0,366.0,178.35
13533,1.0,85.0,267.0,124.15
13534,17.0,356.0,358.0,328.64
13536,6.0,74.0,75.0,498.2033333333334
13538,6.0,272.0,315.0,185.67500000000004
13539,2.0,224.0,309.0,233.62
13544,1.0,201.0,240.0,163.05
13546,2.0,188.0,200.0,219.41500000000002
13548,1.0,147.0,243.0,397.15
13549,6.0,217.0,242.0,122.44999999999999
13552,7.0,249.0,315.0,489.4814285714286
13555,1.0,128.0,201.0,2508.83
13557,1.0,252.0,280.0,343.38
13558,3.0,63.0,68.0,133.94
13562,2.0,164.0,245.0,598.03
13563,1.0,56.0,140.0,466.65
13564,1.0,14.0,368.0,637.98
13565,1.0,315.0,334.0,130.04
13566,1.0,42.0,82.0,289.53
13569,1.0,350.0,367.0,227.3
13571,11.0,241.0,253.0,176.69727272727275
13573,1.0,203.0,253.0,258.48
13575,4.0,153.0,176.0,160.88
13576,17.0,363.0,373.0,374.5994117647059
13577,3.0,216.0,241.0,443.6166666666666
13579,1.0,355.0,369.0,302.34000000000003
13588,8.0,240.0,255.0,295.70625
13589,1.0,165.0,179.0,232.65
13590,5.0,292.0,303.0,334.572
13591,2.0,202.0,266.0,327.465
13592,3.0,229.0,264.0,57.080000000000005
13593,4.0,228.0,336.0,363.00750000000005
13596,1.0,7.0,12.0,285.44
13599,14.0,365.0,366.0,342.6485714285714
13601,1.0,166.0,211.0,320.12
13606,2.0,282.0,311.0,103.36500000000001
13610,6.0,273.0,285.0,141.36833333333334
13611,2.0,270.0,359.0,425.625
13614,3.0,306.0,330.0,459.90333333333336
13617,2.0,140.0,180.0,206.535
13623,4.0,267.0,297.0,142.935
13627,4.0,298.0,357.0,331.82
13629,10.0,315.0,338.0,713.236
13630,6.0,280.0,285.0,288.7733333333333
13631,6.0,168.0,267.0,498.40333333333336
13632,4.0,219.0,243.0,464.9225
13634,4.0,294.0,327.0,303.28999999999996
13636,4.0,249.0,285.0,198.655
13637,2.0,174.0,226.0,193.95
13643,2.0,154.0,185.0,215.77
13644,3.0,89.0,105.0,591.0566666666667
13647,3.0,225.0,234.0,407.82666666666665
13649,1.0,110.0,366.0,148.8
13650,4.0,251.0,267.0,366.055
13652,2.0,323.0,368.0,393.14
13654,4.0,230.0,273.0,598.6
13655,1.0,127.0,241.0,549.3199999999999
13656,1.0,173.0,337.0,216.95
13657,1.0,191.0,201.0,229.8
13658,2.0,195.0,204.0,852.935
13659,1.0,115.0,320.0,527.8
13662,2.0,174.0,259.0,326.78
13666,1.0,227.0,287.0,20.6
13668,20.0,360.0,362.0,306.6085
13669,1.0,99.0,149.0,170.39999999999998
13672,1.0,31.0,332.0,124.26
13673,1.0,14.0,32.0,183.32
13675,1.0,133.0,284.0,178.38
13680,3.0,338.0,339.0,949.2133333333335
13681,3.0,138.0,155.0,208.12333333333333
13685,5.0,58.0,60.0,357.056
13692,2.0,212.0,236.0,315.845
13694,34.0,370.0,373.0,1888.1617647058824
13695,13.0,228.0,259.0,186.23
13700,7.0,301.0,327.0,301.3014285714286
13704,8.0,83.0,88.0,277.4375
13705,2.0,366.0,373.0,196.86
13707,1.0,48.0,315.0,223.0
13709,7.0,312.0,315.0,836.1928571428572
13715,3.0,91.0,372.0,268.24666666666667
13717,5.0,266.0,298.0,229.392
13718,1.0,49.0,295.0,192.5
13719,4.0,219.0,234.0,227.195
13720,3.0,138.0,254.0,177.9
13722,1.0,151.0,282.0,911.94
13725,7.0,259.0,308.0,147.55857142857144
13726,1.0,62.0,100.0,786.98
13727,1.0,5.0,33.0,110.4
13728,5.0,274.0,310.0,171.512
13730,1.0,26.0,161.0,445.85
13731,1.0,27.0,246.0,302.46999999999997
13735,3.0,210.0,234.0,649.4633333333333
13736,1.0,255.0,260.0,372.27
13741,2.0,146.0,217.0,252.735
13742,10.0,304.0,320.0,265.089
13743,6.0,257.0,259.0,199.98000000000002
13744,1.0,197.0,292.0,263.2
13748,3.0,278.0,373.0,248.08333333333334
13750,4.0,283.0,336.0,330.455
13752,5.0,122.0,246.0,179.55599999999998
13754,1.0,166.0,317.0,126.6
13755,7.0,60.0,63.0,235.03571428571428
13756,11.0,365.0,367.0,423.33818181818185
13758,6.0,362.0,373.0,471.34999999999997
13759,1.0,38.0,71.0,99.0
13760,1.0,202.0,256.0,151.7
13761,1.0,129.0,179.0,578.94
13764,2.0,267.0,337.0,508.265
13767,30.0,371.0,373.0,557.0826666666667
13769,8.0,365.0,367.0,309.27625
13771,2.0,183.0,247.0,881.425
13772,2.0,206.0,239.0,447.105
13777,23.0,373.0,373.0,843.1304347826087
13780,1.0,163.0,170.0,243.73
13782,5.0,315.0,327.0,143.38400000000001
13784,10.0,323.0,332.0,234.91500000000002
13787,1.0,289.0,364.0,202.64
13791,1.0,41.0,168.0,579.0
13792,1.0,221.0,287.0,120.95
13798,52.0,371.0,372.0,706.6509615384615
13799,1.0,178.0,294.0,347.15999999999997
13802,2.0,173.0,311.0,1814.84
13804,5.0,259.0,289.0,372.952
13805,1.0,77.0,129.0,424.36
13808,4.0,91.0,96.0,293.54999999999995
13810,1.0,28.0,56.0,228.01
13811,1.0,56.0,239.0,297.0
13812,2.0,63.0,105.0,112.13
13813,3.0,95.0,134.0,279.24
13814,1.0,45.0,137.0,961.5799999999999
13815,3.0,296.0,318.0,915.1166666666667
13816,1.0,41.0,64.0,181.98000000000002
13817,1.0,322.0,351.0,218.28
13819,2.0,18.0,319.0,366.025
13821,1.0,117.0,261.0,115.49000000000001
13822,1.0,35.0,40.0,163.62
13823,1.0,73.0,91.0,307.24
13824,4.0,278.0,310.0,314.015
13827,2.0,86.0,143.0,148.53
13831,5.0,353.0,369.0,358.09
13835,3.0,190.0,215.0,168.70666666666668
13837,1.0,106.0,317.0,157.54
13838,2.0,364.0,369.0,222.07999999999998
13842,8.0,308.0,366.0,384.38125
13846,2.0,336.0,360.0,226.82999999999998
13848,2.0,274.0,366.0,467.5
13849,1.0,119.0,170.0,944.37
13851,2.0,193.0,288.0,1202.5700000000002
13854,24.0,357.0,365.0,325.005
13856,2.0,35.0,203.0,147.05
13860,3.0,85.0,86.0,280.00666666666666
13862,7.0,314.0,332.0,254.8942857142857
13865,3.0,231.0,289.0,126.08666666666666
13867,2.0,187.0,218.0,433.12
13868,1.0,31.0,38.0,2685.0
13869,3.0,234.0,357.0,920.0099999999999
13870,5.0,285.0,287.0,445.38199999999995
13871,11.0,286.0,308.0,540.6545454545454
13873,2.0,190.0,309.0,134.075
13875,4.0,248.0,301.0,361.53499999999997
13880,9.0,346.0,367.0,346.8855555555556
13881,15.0,308.0,311.0,1075.612
13882,4.0,62.0,64.0,249.5925
13883,2.0,243.0,253.0,847.035
13884,3.0,276.0,283.0,216.48333333333335
13885,1.0,11.0,200.0,107.65
13888,1.0,99.0,218.0,366.11
13890,8.0,357.0,358.0,211.6825
13892,3.0,220.0,246.0,192.8166666666667
13894,1.0,287.0,310.0,403.77
13895,3.0,136.0,164.0,736.87
13899,1.0,258.0,274.0,90.02
13900,2.0,79.0,262.0,191.685
13901,4.0,246.0,318.0,663.2
13904,1.0,257.0,294.0,131.52
13908,3.0,197.0,276.0,624.5166666666668
13911,8.0,251.0,308.0,280.6725
13914,1.0,25.0,36.0,305.38
13917,1.0,142.0,191.0,206.66
13918,1.0,204.0,253.0,1014.64
13919,1.0,62.0,121.0,153.66
13924,5.0,71.0,72.0,231.964
13925,2.0,42.0,134.0,149.065
13928,3.0,123.0,133.0,120.12333333333333
13929,1.0,157.0,326.0,429.8
13930,1.0,79.0,136.0,127.34
13931,1.0,185.0,280.0,859.3199999999999
13933,1.0,39.0,148.0,307.8
13939,2.0,288.0,311.0,192.025
13940,3.0,127.0,144.0,206.84
13941,4.0,351.0,372.0,1004.4599999999999
13946,2.0,188.0,267.0,175.86
13949,5.0,92.0,94.0,377.884
13950,3.0,235.0,246.0,188.58333333333334
13951,2.0,118.0,294.0,230.945
13952,1.0,21.0,238.0,1208.31
13953,6.0,345.0,352.0,502.6133333333333
13954,1.0,69.0,70.0,212.51
13955,1.0,151.0,305.0,117.86
13956,4.0,266.0,271.0,225.3125
13959,2.0,283.0,362.0,189.65
13960,1.0,50.0,71.0,102.12
13962,1.0,224.0,245.0,51.95
13963,3.0,59.0,367.0,171.08
13969,16.0,358.0,365.0,544.16125
13971,7.0,267.0,285.0,346.3971428571428
13972,1.0,131.0,201.0,44.349999999999994
13975,4.0,245.0,276.0,447.52
13978,1.0,31.0,45.0,37.8
13982,3.0,326.0,365.0,481.07
13983,9.0,337.0,366.0,252.67444444444448
13984,4.0,340.0,366.0,191.4275
13985,14.0,260.0,264.0,476.22357142857146
13988,5.0,235.0,254.0,703.38
13989,1.0,174.0,239.0,369.40999999999997
13991,4.0,131.0,143.0,181.3825
13993,8.0,288.0,330.0,392.90125
13994,5.0,145.0,148.0,397.114
13995,4.0,230.0,245.0,270.81
13999,11.0,351.0,361.0,327.24636363636364
14001,2.0,328.0,373.0,870.9200000000001
14002,1.0,22.0,156.0,304.94
14004,6.0,245.0,288.0,613.77
14005,4.0,206.0,215.0,671.89
14006,2.0,197.0,312.0,328.875
14009,1.0,7.0,205.0,314.7
14013,2.0,165.0,275.0,177.26
14016,3.0,196.0,357.0,1195.8233333333333
14019,2.0,92.0,138.0,518.6600000000001
14020,1.0,72.0,88.0,311.65999999999997
14021,2.0,101.0,256.0,216.5
14023,1.0,243.0,250.0,310.93
14024,1.0,3.0,124.0,65.25
14029,1.0,81.0,144.0,302.46000000000004
14030,6.0,348.0,366.0,280.39000000000004
14031,16.0,365.0,372.0,973.288125
14032,10.0,364.0,366.0,267.173
14034,1.0,135.0,157.0,174.98
14035,4.0,269.0,297.0,281.605
14037,1.0,188.0,364.0,35.4
14038,2.0,129.0,207.0,422.03000000000003
14040,10.0,291.0,331.0,327.062
14044,3.0,283.0,309.0,158.66
14045,2.0,264.0,373.0,666.675
14047,4.0,364.0,372.0,255.4225
14049,3.0,301.0,317.0,1516.8799999999999
14050,1.0,75.0,106.0,260.38
14051,21.0,366.0,366.0,713.6652380952381
14053,1.0,35.0,159.0,106.0
14056,22.0,283.0,284.0,344.10636363636365
14057,13.0,337.0,360.0,406.5953846153846
14060,18.0,368.0,372.0,322.25444444444446
14062,10.0,355.0,364.0,949.823
14064,4.0,245.0,274.0,287.2975
14067,1.0,33.0,96.0,150.03
14071,6.0,261.0,264.0,199.5583333333333
14075,2.0,257.0,261.0,317.16999999999996
14077,4.0,234.0,274.0,95.5775
14078,5.0,272.0,373.0,182.626
14081,1.0,67.0,369.0,498.1
14083,7.0,367.0,371.0,101.27
14085,15.0,366.0,368.0,274.216
14088,11.0,312.0,322.0,3904.2636363636366
14092,11.0,351.0,358.0,347.84181818181816
14096,16.0,97.0,101.0,3327.985
14099,10.0,338.0,354.0,272.065
14101,5.0,253.0,326.0,1045.038
14102,4.0,39.0,44.0,222.945
14104,1.0,11.0,165.0,104.95
14107,6.0,313.0,364.0,389.9983333333334
14108,1.0,71.0,101.0,306.58
14110,11.0,263.0,266.0,434.4445454545455
14111,3.0,227.0,241.0,199.55000000000004
14112,4.0,253.0,275.0,574.5125
14113,3.0,351.0,354.0,468.97333333333336
14114,1.0,57.0,330.0,191.4
14116,4.0,102.0,121.0,265.6925
14121,3.0,56.0,59.0,849.0166666666668
14125,2.0,68.0,78.0,712.6
14126,1.0,3.0,10.0,62.5
14127,2.0,188.0,310.0,197.54000000000002
14128,1.0,195.0,255.0,331.96
14129,3.0,259.0,260.0,254.98666666666668
14132,10.0,181.0,183.0,327.91700000000003
14133,1.0,186.0,315.0,287.64
14135,13.0,371.0,372.0,323.4661538461539
14138,1.0,62.0,63.0,344.17
14140,1.0,28.0,31.0,394.06
14141,3.0,103.0,105.0,209.99
14145,3.0,171.0,217.0,871.1999999999999
14146,3.0,349.0,357.0,983.1899999999999
14147,1.0,207.0,285.0,300.6
14150,1.0,324.0,359.0,352.46000000000004
14152,1.0,159.0,234.0,306.78
14156,42.0,362.0,371.0,2767.5685714285714
14157,1.0,266.0,285.0,155.71
14159,10.0,343.0,362.0,443.8059999999999
14161,2.0,154.0,369.0,407.235
14162,1.0,119.0,292.0,111.68
14163,3.0,152.0,239.0,678.0133333333333
14164,1.0,10.0,80.0,358.0
14167,3.0,292.0,331.0,138.08
14173,2.0,209.0,219.0,168.4
14175,2.0,270.0,329.0,1449.86
14176,2.0,70.0,367.0,208.67499999999998
14177,2.0,93.0,179.0,220.665
14178,6.0,174.0,182.0,230.48166666666665
14179,1.0,12.0,52.0,163.25
14180,23.0,362.0,372.0,197.68565217391307
14188,5.0,280.0,310.0,331.27200000000005
14189,13.0,366.0,368.0,334.0646153846154
14191,12.0,219.0,220.0,377.86999999999995
14193,1.0,202.0,269.0,430.85
14194,14.0,304.0,308.0,773.755
14195,1.0,51.0,252.0,183.6
14198,3.0,221.0,239.0,172.70000000000002
14201,6.0,299.0,359.0,113.36666666666666
14205,1.0,248.0,264.0,243.8
14209,5.0,322.0,332.0,345.096
14210,5.0,266.0,371.0,320.178
14211,8.0,242.0,295.0,261.9875
14214,4.0,247.0,277.0,91.4325
14215,5.0,357.0,368.0,324.74399999999997
14216,3.0,34.0,37.0,459.8333333333333
14217,15.0,365.0,366.0,125.77866666666667
14220,1.0,111.0,358.0,319.42
14221,6.0,297.0,339.0,519.975
14223,2.0,172.0,264.0,343.115
14224,3.0,210.0,320.0,255.14333333333332
14226,4.0,241.0,269.0,312.2225
14227,5.0,258.0,284.0,522.852
14229,2.0,282.0,333.0,545.115
14231,2.0,105.0,288.0,308.38
14232,4.0,222.0,264.0,338.72249999999997
14233,3.0,268.0,317.0,453.95666666666665
14234,3.0,35.0,57.0,135.22666666666666
14235,3.0,185.0,260.0,764.85
14236,1.0,292.0,372.0,301.56
14239,10.0,273.0,316.0,222.125
14240,1.0,195.0,225.0,663.49
14242,1.0,91.0,325.0,142.2
14243,9.0,357.0,365.0,263.94111111111107
14245,1.0,44.0,263.0,688.35
14246,2.0,135.0,245.0,512.21
14250,1.0,82.0,89.0,675.22
14251,4.0,56.0,57.0,405.06
14256,1.0,104.0,364.0,445.2
14257,4.0,254.0,318.0,619.895
14258,7.0,328.0,337.0,1364.2514285714285
14261,1.0,28.0,78.0,219.7
14262,7.0,232.0,240.0,339.7471428571429
14264,1.0,91.0,245.0,218.27
14267,1.0,98.0,260.0,679.88
14272,1.0,181.0,254.0,305.87
14273,3.0,191.0,242.0,149.05666666666667
14276,2.0,191.0,289.0,389.27
14277,2.0,197.0,212.0,1261.4850000000001
14282,14.0,364.0,367.0,223.60285714285715
14284,1.0,56.0,86.0,343.15
14285,3.0,155.0,176.0,634.7033333333334
14286,2.0,219.0,242.0,1289.335
14287,1.0,190.0,198.0,93.35
14289,5.0,281.0,289.0,117.804
14290,4.0,350.0,361.0,384.2725
14291,6.0,274.0,275.0,483.06166666666667
14292,5.0,275.0,282.0,881.7860000000001
14293,3.0,365.0,368.0,227.21333333333334
14297,3.0,257.0,274.0,357.57666666666665
14298,24.0,352.0,360.0,2023.0933333333332
14299,8.0,357.0,365.0,442.0475
14305,2.0,64.0,135.0,407.38
14306,1.0,34.0,85.0,390.38
14307,4.0,285.0,373.0,553.1525
14309,8.0,350.0,358.0,275.5975
14312,5.0,291.0,337.0,260.408
14315,5.0,222.0,266.0,390.146
14320,1.0,126.0,332.0,125.28
14321,4.0,323.0,333.0,300.9825
14323,1.0,124.0,238.0,305.24
14329,5.0,312.0,329.0,685.5319999999999
14331,1.0,11.0,135.0,79.0
14332,2.0,125.0,147.0,360.58500000000004
14334,7.0,342.0,358.0,318.86571428571426
14335,1.0,80.0,96.0,107.36
14336,3.0,260.0,276.0,360.16333333333336
14338,1.0,35.0,196.0,8.25
14341,4.0,273.0,318.0,457.8375
14342,3.0,189.0,210.0,119.65333333333332
14344,7.0,241.0,368.0,81.01857142857143
14346,1.0,177.0,297.0,759.14
14352,2.0,116.0,273.0,423.83
14354,1.0,25.0,30.0,75.84
14356,1.0,2.0,81.0,356.2
14359,2.0,68.0,87.0,214.39499999999998
14360,2.0,63.0,94.0,496.77000000000004
14364,6.0,103.0,211.0,499.70000000000005
14367,12.0,268.0,276.0,687.055
14377,1.0,71.0,262.0,302.45
14379,1.0,251.0,295.0,237.12
14383,2.0,125.0,163.0,502.8
14385,2.0,14.0,23.0,73.475
14387,2.0,77.0,109.0,643.4200000000001
14388,7.0,362.0,372.0,414.2914285714286
14389,1.0,125.0,190.0,732.32
14390,7.0,362.0,372.0,631.2671428571429
14395,8.0,370.0,372.0,396.40375
14396,1.0,306.0,371.0,377.64
14397,18.0,211.0,213.0,135.97333333333333
14401,12.0,355.0,359.0,317.0083333333333
14403,3.0,117.0,247.0,228.37
14404,5.0,336.0,369.0,264.018
14407,4.0,169.0,276.0,446.3875
14408,6.0,254.0,264.0,374.705
14409,4.0,297.0,368.0,432.66249999999997
14410,6.0,213.0,305.0,160.27
14412,1.0,30.0,72.0,307.58
14414,6.0,267.0,358.0,213.29666666666665
14415,12.0,359.0,360.0,416.9075
14416,1.0,20.0,42.0,129.22
14418,2.0,105.0,108.0,893.405
14419,5.0,354.0,364.0,185.538
14421,1.0,154.0,211.0,357.93
14422,5.0,267.0,267.0,772.4660000000001
14426,6.0,289.0,312.0,630.0833333333334
14427,1.0,13.0,63.0,41.6
14428,4.0,318.0,325.0,255.1275
14432,5.0,80.0,89.0,399.866
14434,5.0,51.0,72.0,212.4
14440,4.0,357.0,365.0,425.245
14441,3.0,255.0,255.0,452.01666666666665
14442,1.0,112.0,316.0,914.24
14443,3.0,315.0,368.0,372.23333333333335
14446,3.0,246.0,246.0,234.17
14447,3.0,262.0,280.0,299.41
14448,1.0,355.0,364.0,273.0
14449,3.0,354.0,372.0,225.18666666666664
14450,2.0,140.0,320.0,161.11
14451,1.0,134.0,194.0,283.9
14452,1.0,83.0,93.0,131.68
14456,7.0,137.0,142.0,410.27714285714285
14460,2.0,200.0,310.0,202.17000000000002
14461,2.0,113.0,261.0,663.22
14462,8.0,273.0,339.0,233.28375
14463,2.0,107.0,205.0,206.85
14465,1.0,56.0,302.0,441.14
14466,6.0,343.0,372.0,315.44166666666666
14467,3.0,295.0,312.0,154.85333333333332
14470,1.0,276.0,287.0,163.55
14472,7.0,252.0,355.0,229.47
14473,1.0,208.0,282.0,149.33999999999997
14475,2.0,233.0,304.0,309.65
14477,3.0,278.0,297.0,381.5333333333333
14479,1.0,112.0,365.0,141.85
14481,1.0,123.0,287.0,333.65
14482,5.0,221.0,239.0,356.942
14487,4.0,342.0,368.0,260.095
14491,1.0,197.0,372.0,213.73
14493,4.0,148.0,155.0,443.005
14495,1.0,71.0,121.0,83.2
14496,1.0,62.0,373.0,234.47
14498,4.0,319.0,361.0,447.775
14499,2.0,252.0,278.0,342.78499999999997
14500,2.0,101.0,189.0,36.0
14501,1.0,136.0,319.0,184.28
14502,8.0,294.0,313.0,284.34
14503,5.0,175.0,178.0,589.238
14504,3.0,231.0,278.0,175.34333333333333
14505,7.0,345.0,362.0,688.6899999999999
14506,4.0,352.0,369.0,425.9125
14507,4.0,253.0,276.0,247.2575
14508,1.0,67.0,89.0,130.49
14511,4.0,122.0,133.0,294.1625
14512,1.0,45.0,232.0,148.96
14513,2.0,188.0,288.0,218.42000000000002
14514,2.0,270.0,331.0,367.475
14515,4.0,201.0,218.0,412.8725
14517,1.0,108.0,141.0,78.0
14520,1.0,289.0,290.0,105.6
14522,3.0,174.0,198.0,231.97
14524,5.0,329.0,360.0,313.67600000000004
14525,8.0,342.0,361.0,469.2
14527,53.0,367.0,369.0,154.9656603773585
14529,2.0,50.0,110.0,221.685
14530,5.0,271.0,296.0,439.85
14532,3.0,116.0,352.0,236.75
14533,6.0,328.0,352.0,252.70333333333335
14534,17.0,316.0,318.0,237.67823529411766
14535,2.0,188.0,248.0,1000.985
14538,1.0,192.0,256.0,281.75
14539,1.0,29.0,44.0,465.35
14540,2.0,300.0,309.0,378.38
14541,6.0,261.0,319.0,215.05166666666665
14543,14.0,336.0,364.0,236.11999999999998
14544,1.0,337.0,361.0,902.53
14546,4.0,243.0,248.0,503.15999999999997
14547,7.0,51.0,54.0,500.5285714285714
14548,1.0,167.0,317.0,326.4
14550,1.0,34.0,44.0,416.58
14551,1.0,186.0,204.0,60.8
14553,3.0,320.0,339.0,219.11
14554,3.0,42.0,52.0,648.1866666666666
14555,1.0,245.0,302.0,126.2
14560,19.0,350.0,357.0,96.29473684210525
14561,2.0,109.0,184.0,429.345
14562,16.0,301.0,304.0,296.495
14565,3.0,266.0,361.0,593.9033333333333
14567,1.0,74.0,130.0,729.6
14572,6.0,321.0,324.0,412.2516666666667
14573,7.0,193.0,372.0,176.83142857142857
14577,3.0,350.0,362.0,170.93666666666664
14583,4.0,200.0,205.0,212.745
14584,3.0,29.0,198.0,270.8933333333333
14587,8.0,313.0,331.0,171.53
14591,1.0,198.0,213.0,1116.19
14592,2.0,29.0,64.0,147.615
14593,1.0,177.0,198.0,277.56
14594,1.0,366.0,373.0,108.33
14595,5.0,294.0,313.0,315.36
14597,1.0,180.0,191.0,701.14
14606,87.0,372.0,373.0,134.8026436781609
14607,5.0,246.0,261.0,2905.3
14608,3.0,358.0,362.0,527.0500000000001
14609,3.0,224.0,296.0,152.52
14616,2.0,75.0,317.0,84.24000000000001
14618,2.0,328.0,337.0,170.82
14620,1.0,78.0,283.0,177.43
14621,4.0,357.0,358.0,370.665
14623,4.0,203.0,235.0,172.335
14624,1.0,2.0,59.0,15.6
14625,1.0,165.0,361.0,314.1
14626,3.0,210.0,233.0,734.79
14628,1.0,151.0,242.0,340.38
14629,1.0,43.0,47.0,352.08
14631,2.0,248.0,298.0,348.74
14636,1.0,232.0,268.0,309.65999999999997
14639,3.0,309.0,361.0,769.3166666666666
14640,5.0,203.0,227.0,342.326
14643,1.0,188.0,358.0,335.87
14644,1.0,231.0,298.0,643.26
14645,1.0,119.0,275.0,356.99
14646,44.0,353.0,354.0,6342.774090909091
14649,2.0,208.0,212.0,410.235
14651,1.0,144.0,211.0,238.28
14653,5.0,337.0,338.0,314.378
14655,3.0,214.0,222.0,373.89000000000004
14656,1.0,114.0,283.0,157.94
14657,3.0,309.0,326.0,144.04666666666665
14658,1.0,112.0,117.0,124.00999999999999
14659,8.0,307.0,315.0,242.095
14660,1.0,14.0,100.0,156.79
14662,3.0,288.0,316.0,214.80666666666664
14664,1.0,14.0,33.0,248.85
14665,3.0,250.0,310.0,480.43333333333334
14667,22.0,358.0,368.0,393.6013636363636
14669,1.0,91.0,332.0,421.74
14672,1.0,102.0,336.0,480.27
14673,4.0,364.0,367.0,340.72749999999996
14676,5.0,252.0,283.0,398.38399999999996
14680,15.0,346.0,371.0,1804.882
14681,1.0,140.0,211.0,105.0
14682,1.0,14.0,201.0,31.2
14684,4.0,337.0,362.0,258.2875
14688,19.0,366.0,373.0,270.21684210526314
14690,1.0,107.0,151.0,142.49
14691,3.0,182.0,212.0,558.2433333333333
14692,3.0,185.0,322.0,110.64999999999999
14696,6.0,369.0,373.0,297.3883333333333
14698,4.0,50.0,51.0,179.8075
14700,2.0,206.0,238.0,736.775
14701,6.0,306.0,316.0,356.9066666666667
14702,16.0,364.0,365.0,183.83375
14704,6.0,161.0,180.0,226.81166666666664
14708,2.0,366.0,368.0,353.655
14709,11.0,343.0,358.0,418.8127272727272
14710,3.0,45.0,59.0,142.19
14711,10.0,252.0,262.0,263.90999999999997
14712,2.0,83.0,112.0,400.675
14713,10.0,356.0,365.0,236.325
14715,3.0,307.0,331.0,243.14333333333335
14716,1.0,105.0,148.0,125.78999999999999
14719,4.0,248.0,249.0,339.595
14720,2.0,121.0,126.0,254.005
14723,4.0,361.0,371.0,218.79250000000002
14730,6.0,275.0,276.0,274.45
14731,2.0,165.0,212.0,126.18
14732,7.0,331.0,339.0,357.05571428571426
14733,11.0,351.0,367.0,705.080909090909
14735,18.0,355.0,358.0,322.1383333333333
14737,2.0,350.0,353.0,365.275
14738,6.0,274.0,316.0,184.9466666666667
14739,6.0,363.0,367.0,531.4
14740,2.0,86.0,283.0,463.555
14741,5.0,361.0,372.0,243.16799999999998
14744,5.0,350.0,366.0,174.996
14745,3.0,173.0,285.0,326.55333333333334
14748,3.0,339.0,368.0,315.10999999999996
14754,1.0,251.0,295.0,409.78000000000003
14755,10.0,325.0,334.0,452.18199999999996
14758,3.0,115.0,259.0,276.43666666666667
14759,2.0,228.0,232.0,526.86
14761,1.0,276.0,334.0,158.4
14765,2.0,147.0,176.0,86.805
14766,5.0,358.0,366.0,458.59399999999994
14768,1.0,110.0,127.0,59.4
14769,7.0,355.0,357.0,1438.3314285714284
14770,1.0,91.0,323.0,597.82
14775,2.0,314.0,372.0,302.66999999999996
14776,8.0,261.0,312.0,247.4925
14778,1.0,181.0,308.0,396.81
14779,2.0,43.0,323.0,61.8
14780,1.0,25.0,79.0,114.88
14784,1.0,297.0,323.0,175.31
14785,1.0,5.0,15.0,37.92
14788,1.0,19.0,26.0,310.99
14790,3.0,237.0,253.0,197.63333333333333
14794,6.0,332.0,334.0,190.135
14796,16.0,365.0,366.0,456.41999999999996
14798,2.0,258.0,310.0,49.03
14800,11.0,322.0,369.0,343.2681818181818
14803,2.0,130.0,292.0,151.7
14805,3.0,298.0,313.0,145.71666666666667
14808,5.0,133.0,172.0,410.17600000000004
14810,10.0,329.0,369.0,190.744
14815,1.0,31.0,67.0,226.92
14817,1.0,77.0,277.0,479.55
14818,2.0,180.0,253.0,269.775
14819,1.0,128.0,192.0,187.35
14820,3.0,152.0,173.0,122.50666666666666
14823,1.0,14.0,194.0,110.78
14824,3.0,81.0,91.0,228.6
14825,11.0,365.0,368.0,185.17363636363638
14828,2.0,140.0,336.0,778.88
14829,3.0,343.0,372.0,153.52666666666667
14834,5.0,223.0,240.0,295.322
14836,2.0,20.0,30.0,13.2
14837,3.0,112.0,201.0,385.74666666666667
14841,5.0,305.0,358.0,580.12
14842,3.0,265.0,308.0,838.23
14844,3.0,178.0,241.0,771.7533333333332
14849,12.0,352.0,373.0,631.225
14851,1.0,233.0,256.0,305.21999999999997
14852,4.0,194.0,252.0,586.5725
14853,1.0,187.0,211.0,261.29999999999995
14854,6.0,196.0,274.0,379.625
14855,1.0,15.0,134.0,339.3
14856,1.0,20.0,56.0,308.11
14857,1.0,89.0,148.0,650.6
14859,2.0,192.0,204.0,528.44
14862,1.0,123.0,148.0,537.1
14865,1.0,365.0,372.0,15.0
14866,9.0,356.0,366.0,1583.3022222222223
14867,2.0,151.0,336.0,204.76999999999998
14868,6.0,230.0,233.0,419.0433333333333
14869,1.0,95.0,103.0,334.39
14871,3.0,357.0,360.0,126.77666666666666
14875,1.0,155.0,262.0,1103.32
14878,8.0,346.0,358.0,144.26
14880,2.0,211.0,288.0,280.695
14882,1.0,7.0,33.0,341.8
14883,4.0,193.0,211.0,112.75750000000001
14891,1.0,39.0,187.0,105.0
14893,1.0,2.0,11.0,428.73
14895,10.0,283.0,290.0,879.2369999999999
14896,1.0,161.0,365.0,211.55
14897,3.0,289.0,296.0,396.96000000000004
14898,5.0,348.0,371.0,234.16199999999998
14901,8.0,361.0,372.0,152.14249999999998
14903,4.0,257.0,278.0,566.3625000000001
14904,1.0,23.0,25.0,628.48
14905,1.0,76.0,233.0,307.6
14907,5.0,364.0,367.0,576.606
14910,3.0,52.0,54.0,73.31333333333333
14911,129.0,372.0,373.0,1051.6003875968993
14912,1.0,230.0,246.0,385.06
14913,3.0,324.0,359.0,308.8533333333333
14915,1.0,186.0,277.0,165.2
14916,3.0,254.0,324.0,324.6433333333334
14918,1.0,39.0,154.0,844.73
14921,1.0,171.0,201.0,413.06
14930,1.0,166.0,274.0,1258.83
14931,3.0,236.0,240.0,207.22666666666666
14934,1.0,201.0,282.0,1062.1
14936,4.0,242.0,275.0,1640.165
14937,1.0,74.0,130.0,862.3199999999999
14944,6.0,267.0,296.0,857.66
14947,1.0,58.0,130.0,112.32
14948,5.0,196.0,219.0,164.714
14952,7.0,305.0,364.0,1059.047142857143
14958,2.0,98.0,245.0,144.515
14959,3.0,232.0,296.0,172.25333333333333
14960,1.0,163.0,171.0,132.97
14961,7.0,350.0,360.0,837.4257142857142
14963,4.0,174.0,183.0,294.53499999999997
14970,3.0,248.0,316.0,418.18666666666667
14971,1.0,8.0,43.0,491.37
14973,2.0,118.0,225.0,329.925
14976,4.0,269.0,326.0,154.72750000000002
14978,4.0,258.0,330.0,404.765
14984,1.0,161.0,180.0,100.14
14985,1.0,160.0,358.0,172.24
14987,1.0,350.0,365.0,163.2
14995,1.0,242.0,280.0,112.67
14997,2.0,132.0,178.0,195.45999999999998
14998,1.0,71.0,241.0,231.23
15002,3.0,252.0,367.0,336.7033333333333
15005,27.0,351.0,366.0,224.85814814814816
15009,2.0,13.0,25.0,333.76
15012,1.0,320.0,373.0,216.48
15014,1.0,133.0,176.0,139.94
15018,2.0,329.0,367.0,192.48000000000002
15021,7.0,358.0,366.0,239.09714285714287
15022,2.0,36.0,47.0,267.255
15023,10.0,366.0,369.0,627.211
15024,6.0,358.0,367.0,190.86833333333334
15026,2.0,197.0,277.0,177.61
15027,3.0,208.0,238.0,241.58333333333334
15028,2.0,360.0,368.0,220.57999999999998
15030,1.0,197.0,268.0,365.52
15031,3.0,278.0,282.0,167.45333333333335
15032,1.0,110.0,366.0,2188.5
15033,9.0,325.0,329.0,221.92555555555555
15034,6.0,338.0,353.0,575.6266666666667
15036,2.0,107.0,179.0,188.20499999999998
15038,5.0,311.0,369.0,113.372
15039,41.0,359.0,368.0,467.83365853658535
15044,14.0,343.0,362.0,489.17
15045,1.0,106.0,257.0,346.76
15046,14.0,329.0,338.0,327.0335714285714
15048,3.0,303.0,368.0,94.10000000000001
15050,1.0,46.0,71.0,458.90999999999997
15051,2.0,127.0,150.0,502.80999999999995
15053,2.0,277.0,281.0,235.64999999999998
15054,1.0,28.0,40.0,133.68
15057,1.0,40.0,315.0,358.5
15058,7.0,287.0,312.0,258.6742857142857
15059,6.0,294.0,334.0,192.49
15060,1.0,1.0,9.0,16.61
15061,28.0,369.0,372.0,1611.6714285714286
15062,3.0,288.0,359.0,259.5933333333333
15065,3.0,254.0,291.0,794.8233333333333
15067,1.0,204.0,282.0,896.71
15068,1.0,210.0,256.0,313.4
15071,1.0,182.0,275.0,393.4
15073,2.0,177.0,186.0,306.21500000000003
15078,19.0,361.0,368.0,487.7873684210527
15079,2.0,153.0,365.0,376.83
15081,4.0,345.0,367.0,98.4125
15088,1.0,46.0,67.0,295.88
15089,5.0,118.0,128.0,239.856
15092,1.0,68.0,283.0,134.65
15093,5.0,354.0,372.0,794.658
15095,2.0,100.0,203.0,300.04999999999995
15100,2.0,40.0,373.0,262.79999999999995
15101,1.0,351.0,359.0,215.25
15103,1.0,55.0,86.0,411.68
15104,1.0,86.0,282.0,618.9
15105,4.0,116.0,134.0,441.4875
15106,4.0,252.0,269.0,252.95499999999998
15107,5.0,61.0,372.0,40.7
15108,2.0,86.0,227.0,501.92499999999995
15110,3.0,295.0,318.0,275.48333333333335
15111,2.0,343.0,372.0,639.49
15113,2.0,45.0,54.0,683.3199999999999
15114,9.0,271.0,301.0,277.94555555555553
15116,3.0,187.0,204.0,291.0333333333333
15117,4.0,201.0,215.0,309.84499999999997
15121,1.0,238.0,288.0,162.57
15122,2.0,183.0,297.0,618.3700000000001
15123,1.0,199.0,206.0,1129.84
15124,1.0,169.0,191.0,93.44
15125,9.0,245.0,270.0,854.1777777777778
15128,3.0,159.0,219.0,329.09999999999997
15129,9.0,241.0,291.0,343.55555555555554
15132,4.0,244.0,262.0,166.04000000000002
15133,2.0,174.0,301.0,324.61
15134,7.0,226.0,240.0,182.55571428571426
15136,2.0,94.0,96.0,351.9
15139,1.0,97.0,336.0,56.86
15140,5.0,212.0,264.0,381.62
15144,13.0,304.0,312.0,477.0861538461538
15145,3.0,244.0,248.0,257.5
15146,1.0,127.0,291.0,492.94
15150,9.0,252.0,269.0,532.2311111111111
15152,12.0,178.0,187.0,332.46583333333336
15156,2.0,32.0,33.0,321.84499999999997
15157,2.0,355.0,358.0,425.30499999999995
15159,18.0,360.0,361.0,932.2238888888888
15163,1.0,174.0,192.0,149.47
15164,2.0,271.0,339.0,328.07
15172,4.0,228.0,236.0,319.4125
15179,4.0,301.0,319.0,230.33249999999998
15181,2.0,203.0,269.0,194.74
15182,1.0,114.0,268.0,252.37
15184,1.0,161.0,190.0,166.97
15186,1.0,154.0,168.0,182.15
15187,12.0,211.0,212.0,360.88166666666666
15189,37.0,331.0,332.0,427.21378378378375
15192,2.0,246.0,365.0,364.65999999999997
15194,14.0,365.0,368.0,515.0264285714286
15197,2.0,348.0,358.0,261.555
15198,1.0,32.0,124.0,86.0
15199,3.0,249.0,308.0,305.2
15201,3.0,160.0,247.0,311.68666666666667
15203,5.0,286.0,311.0,323.172
15205,1.0,42.0,127.0,176.94
15206,3.0,265.0,275.0,134.20000000000002
15208,4.0,352.0,353.0,201.18
15211,1.0,305.0,365.0,511.34000000000003
15213,1.0,11.0,329.0,15.15
15214,7.0,241.0,242.0,163.78714285714287
15215,1.0,50.0,96.0,434.9
15218,8.0,308.0,318.0,646.90375
15220,5.0,229.0,280.0,292.57
15223,1.0,24.0,249.0,454.9
15224,1.0,4.0,362.0,310.48
15227,3.0,281.0,317.0,300.39000000000004
15228,3.0,228.0,294.0,827.2866666666667
15230,1.0,1.0,240.0,59.4
15232,1.0,27.0,140.0,301.7
15235,9.0,156.0,373.0,240.89000000000001
15237,3.0,226.0,227.0,157.79999999999998
15238,2.0,155.0,184.0,385.925
15239,1.0,68.0,78.0,318.8
15240,4.0,267.0,311.0,348.4175
15241,7.0,217.0,283.0,194.44428571428574
15244,1.0,183.0,248.0,333.63
15245,2.0,127.0,261.0,632.1800000000001
15246,1.0,120.0,358.0,328.15
15249,11.0,225.0,256.0,516.9672727272728
15251,9.0,232.0,241.0,848.7744444444445
15252,1.0,147.0,183.0,440.23
15253,2.0,153.0,169.0,372.17499999999995
15258,1.0,49.0,217.0,307.5
15260,5.0,272.0,372.0,278.054
15265,1.0,84.0,235.0,793.88
15267,4.0,160.0,182.0,170.4
15270,4.0,295.0,310.0,424.1975
15271,14.0,358.0,365.0,170.11357142857145
15272,1.0,29.0,86.0,422.98
15274,1.0,14.0,18.0,332.58
15281,8.0,275.0,333.0,193.96625
15287,1.0,48.0,70.0,145.71
15288,4.0,322.0,365.0,535.2175
15289,2.0,220.0,249.0,282.16499999999996
15290,16.0,355.0,359.0,482.72625
15291,13.0,348.0,373.0,330.34615384615387
15296,5.0,276.0,326.0,494.70599999999996
15297,2.0,53.0,63.0,205.74
15298,10.0,364.0,366.0,440.23
15299,2.0,305.0,372.0,1036.0
15301,9.0,318.0,368.0,486.28666666666663
15304,7.0,308.0,368.0,81.60714285714286
15306,2.0,84.0,148.0,414.865
15311,89.0,373.0,373.0,676.2108988764045
15312,3.0,279.0,354.0,211.70333333333335
15315,1.0,52.0,116.0,336.96
15321,1.0,221.0,291.0,1588.84
15329,2.0,132.0,171.0,370.29999999999995
15330,1.0,28.0,60.0,394.56
15332,1.0,3.0,369.0,63.0
15334,2.0,17.0,173.0,116.685
15339,1.0,252.0,318.0,316.17
15344,2.0,74.0,74.0,127.625
15349,1.0,29.0,187.0,107.7
15351,6.0,357.0,369.0,276.665
15353,1.0,113.0,367.0,458.47
15355,1.0,24.0,53.0,150.8
15356,9.0,337.0,368.0,286.1011111111111
15358,14.0,361.0,365.0,551.6178571428571
15364,1.0,159.0,254.0,581.39
15365,3.0,290.0,315.0,701.9033333333333
15366,1.0,283.0,358.0,496.96999999999997
15367,2.0,218.0,275.0,556.505
15370,6.0,292.0,332.0,366.97499999999997
15373,10.0,363.0,371.0,208.161
15376,2.0,182.0,222.0,289.595
15379,6.0,189.0,358.0,368.6383333333333
15380,4.0,357.0,365.0,365.03999999999996
15381,1.0,55.0,268.0,314.55
15382,4.0,281.0,295.0,1234.0725
15384,1.0,190.0,359.0,338.84
15392,3.0,356.0,360.0,398.84999999999997
15393,1.0,265.0,281.0,107.76
15394,3.0,349.0,358.0,531.9599999999999
15398,1.0,62.0,78.0,710.68
15399,2.0,78.0,79.0,255.3
15400,4.0,186.0,278.0,92.525
15402,1.0,48.0,196.0,185.36
15406,1.0,270.0,301.0,258.42
15407,3.0,272.0,305.0,293.91333333333336
15410,7.0,177.0,261.0,438.32
15411,3.0,156.0,182.0,397.51
15414,2.0,233.0,242.0,369.35
15416,3.0,218.0,282.0,869.6933333333333
15421,2.0,252.0,310.0,327.65
15426,3.0,350.0,369.0,340.5
15427,1.0,14.0,47.0,1071.05
15429,1.0,49.0,75.0,154.29000000000002
15433,1.0,54.0,267.0,160.66
15434,3.0,192.0,200.0,244.84
15436,2.0,222.0,234.0,291.825
15440,2.0,154.0,208.0,128.94
15443,6.0,319.0,320.0,462.6466666666667
15444,1.0,31.0,40.0,1075.36
15449,2.0,235.0,261.0,314.29999999999995
15452,2.0,235.0,264.0,145.74
15453,6.0,186.0,187.0,196.23833333333334
15456,1.0,76.0,359.0,203.37
15462,2.0,93.0,187.0,64.8
15465,17.0,350.0,369.0,401.11
15467,2.0,143.0,152.0,118.22999999999999
15469,1.0,70.0,120.0,234.25
15473,3.0,46.0,60.0,374.0
15478,1.0,16.0,56.0,573.09
15482,7.0,343.0,358.0,1470.1885714285713
15483,1.0,105.0,266.0,114.31
15484,3.0,77.0,78.0,652.5966666666667
15485,2.0,343.0,373.0,812.4549999999999
15489,2.0,189.0,211.0,393.01
15491,4.0,140.0,235.0,519.41
15492,1.0,46.0,74.0,171.72
15493,3.0,238.0,270.0,479.5
15494,1.0,100.0,121.0,160.7
15497,1.0,302.0,319.0,291.6
15498,16.0,364.0,366.0,771.23
15500,3.0,73.0,81.0,241.84666666666666
15502,6.0,354.0,369.0,1031.2133333333334
15505,4.0,103.0,155.0,666.7
15506,2.0,116.0,138.0,381.655
15508,3.0,46.0,235.0,229.61666666666665
15511,4.0,74.0,85.0,174.4075
15512,1.0,204.0,359.0,19.8
15513,14.0,340.0,373.0,1028.6585714285713
15514,7.0,352.0,364.0,357.9328571428572
15516,1.0,2.0,46.0,8.67
15518,6.0,268.0,332.0,257.415
15521,5.0,214.0,254.0,504.90200000000004
15522,1.0,55.0,87.0,138.94
15525,2.0,371.0,373.0,228.47
15527,7.0,336.0,354.0,315.30428571428575
15529,10.0,344.0,366.0,366.43899999999996
15530,3.0,225.0,246.0,316.4066666666667
15531,1.0,22.0,30.0,477.33
15532,3.0,333.0,358.0,400.3433333333333
15533,2.0,70.0,89.0,178.95499999999998
15535,2.0,154.0,327.0,121.93
15544,8.0,363.0,372.0,399.02125
15545,1.0,317.0,371.0,153.64
15547,11.0,355.0,362.0,376.6572727272727
15549,2.0,239.0,316.0,373.70500000000004
15550,3.0,297.0,301.0,145.91
15555,15.0,357.0,369.0,306.2293333333334
15561,2.0,204.0,215.0,267.41999999999996
15563,2.0,336.0,358.0,545.625
15565,1.0,20.0,70.0,84.36
15568,2.0,71.0,73.0,264.99
15569,3.0,229.0,332.0,362.40333333333336
15570,11.0,362.0,369.0,330.10636363636365
15571,3.0,67.0,78.0,149.36
15572,4.0,274.0,278.0,521.8774999999999
15573,1.0,54.0,85.0,179.15
15574,2.0,195.0,372.0,163.3
15577,1.0,154.0,305.0,229.23
15579,1.0,245.0,313.0,132.25
15581,8.0,210.0,366.0,55.63625
15582,2.0,196.0,220.0,189.64999999999998
15584,3.0,139.0,162.0,190.15333333333334
15587,3.0,301.0,351.0,189.60000000000002
15589,1.0,55.0,310.0,293.58
15594,4.0,219.0,234.0,375.96750000000003
15596,4.0,265.0,365.0,251.0675
15599,1.0,178.0,204.0,312.91
15601,13.0,361.0,372.0,462.16769230769233
15602,8.0,360.0,368.0,150.665
15605,4.0,337.0,373.0,250.845
15606,8.0,263.0,324.0,326.82
15608,2.0,92.0,120.0,404.0
15611,10.0,325.0,334.0,146.62
15612,1.0,25.0,61.0,125.5
15615,16.0,349.0,359.0,582.409375
15618,2.0,104.0,136.0,277.01
15620,2.0,302.0,358.0,564.345
15621,2.0,17.0,21.0,364.875
15622,4.0,239.0,282.0,783.39
15624,3.0,140.0,256.0,134.74333333333334
15625,3.0,132.0,235.0,279.6433333333334
15626,1.0,255.0,329.0,393.92
15628,8.0,362.0,366.0,318.8825
15630,1.0,159.0,204.0,789.49
15632,7.0,259.0,274.0,412.9542857142857
15636,1.0,193.0,282.0,418.06
15640,14.0,368.0,372.0,863.0278571428571
15641,3.0,254.0,359.0,526.2766666666666
15643,1.0,91.0,282.0,326.9
15644,2.0,95.0,261.0,282.46000000000004
15646,2.0,215.0,372.0,128.92000000000002
15648,1.0,63.0,267.0,340.5
15649,1.0,31.0,367.0,306.0
15651,1.0,224.0,260.0,418.98
15653,1.0,23.0,115.0,829.44
15654,1.0,17.0,26.0,327.51
15656,3.0,239.0,284.0,168.51666666666668
15658,4.0,182.0,372.0,179.475
15660,5.0,340.0,365.0,278.312
15661,1.0,21.0,338.0,193.8
15665,1.0,75.0,243.0,765.79
15669,3.0,223.0,263.0,161.84666666666666
15671,6.0,252.0,270.0,383.49
15673,3.0,239.0,327.0,615.3233333333333
15674,3.0,181.0,254.0,585.59
15675,2.0,199.0,280.0,139.345
15676,2.0,265.0,283.0,1268.98
15679,3.0,158.0,182.0,201.01999999999998
15680,2.0,357.0,366.0,427.395
15681,3.0,255.0,280.0,360.16
15687,7.0,322.0,330.0,377.0857142857143
15689,1.0,242.0,361.0,150.6
15690,1.0,96.0,100.0,128.76
15694,12.0,372.0,372.0,513.1666666666666
15696,7.0,293.0,326.0,316.8085714285714
15700,1.0,1.0,173.0,3.9
15701,3.0,108.0,110.0,225.03333333333333
15704,2.0,75.0,215.0,677.385
15706,3.0,53.0,116.0,203.50333333333333
15707,3.0,51.0,86.0,252.70000000000002
15708,6.0,329.0,369.0,486.32666666666665
15712,4.0,278.0,287.0,193.14
15713,1.0,223.0,366.0,185.55
15714,1.0,66.0,77.0,197.55
15716,3.0,224.0,369.0,190.57000000000002
15719,12.0,305.0,337.0,383.08583333333337
15722,3.0,255.0,290.0,629.0533333333333
15724,1.0,83.0,284.0,114.6
15727,6.0,343.0,359.0,607.0183333333333
15730,2.0,141.0,206.0,326.725
15732,1.0,160.0,372.0,156.02
15734,1.0,86.0,200.0,760.8
15737,6.0,228.0,242.0,118.70666666666666
15738,14.0,354.0,372.0,320.1978571428571
15743,3.0,168.0,184.0,151.13666666666666
15745,3.0,217.0,236.0,263.91333333333336
15747,2.0,160.0,172.0,351.995
15749,1.0,97.0,332.0,21535.9
15750,6.0,364.0,366.0,353.75499999999994
15752,6.0,333.0,372.0,394.4916666666666
15754,2.0,195.0,246.0,183.385
15755,5.0,284.0,294.0,409.91399999999993
15756,3.0,188.0,249.0,134.80666666666667
15757,1.0,152.0,217.0,453.06
15759,2.0,140.0,358.0,77.9
15762,1.0,12.0,77.0,268.44
15763,1.0,46.0,77.0,564.4300000000001
15764,3.0,188.0,276.0,719.68
15768,2.0,110.0,225.0,133.74
15769,21.0,364.0,371.0,2674.329523809524
15777,2.0,120.0,361.0,340.78
15780,2.0,174.0,357.0,149.065
15781,2.0,280.0,305.0,131.055
15782,2.0,80.0,89.0,488.2
15785,3.0,263.0,295.0,466.7966666666667
15786,1.0,68.0,114.0,1771.36
15787,1.0,35.0,61.0,454.15999999999997
15791,1.0,161.0,204.0,389.45
15793,2.0,254.0,268.0,329.485
15796,7.0,301.0,302.0,337.67
15797,2.0,191.0,304.0,348.6
15799,2.0,259.0,334.0,281.96
15800,1.0,139.0,246.0,452.39
15801,2.0,63.0,109.0,463.365
15804,12.0,198.0,198.0,306.7525
15805,12.0,341.0,364.0,426.4483333333333
15806,2.0,230.0,276.0,242.10999999999999
15807,1.0,27.0,77.0,268.3
15808,3.0,63.0,369.0,899.4066666666668
15809,4.0,266.0,302.0,79.2425
15810,3.0,218.0,296.0,338.21999999999997
15811,5.0,343.0,365.0,385.754
15812,4.0,210.0,317.0,389.08500000000004
15813,1.0,32.0,239.0,533.26
15814,2.0,34.0,50.0,412.19
15815,4.0,196.0,259.0,418.4
15819,3.0,227.0,276.0,421.93666666666667
15821,1.0,17.0,61.0,316.78
15822,1.0,356.0,359.0,445.27
15826,1.0,154.0,210.0,934.31
15827,10.0,299.0,372.0,164.516
15829,1.0,41.0,140.0,310.7
15831,2.0,266.0,324.0,242.34999999999997
15834,2.0,207.0,277.0,476.19
15835,3.0,286.0,330.0,217.66
15838,14.0,356.0,367.0,2334.6842857142856
15839,2.0,115.0,148.0,374.655
15840,1.0,114.0,172.0,113.82000000000001
15841,3.0,266.0,338.0,297.4866666666667
15845,7.0,320.0,337.0,486.91571428571433
15847,1.0,250.0,288.0,208.59
15850,1.0,149.0,168.0,118.72
15852,1.0,11.0,197.0,57.5
15854,9.0,357.0,361.0,304.3355555555556
15855,4.0,127.0,263.0,154.11
15856,20.0,361.0,365.0,728.553
15858,4.0,352.0,367.0,260.91
15860,7.0,328.0,368.0,123.21428571428571
15861,5.0,255.0,267.0,486.13599999999997
15862,3.0,365.0,373.0,159.54999999999998
15863,1.0,167.0,192.0,59.64
15864,5.0,294.0,316.0,338.78
15865,2.0,173.0,213.0,290.6
15867,14.0,364.0,369.0,263.7107142857143
15874,5.0,221.0,284.0,764.306
15877,1.0,16.0,17.0,251.02
15881,2.0,52.0,364.0,193.47
15882,1.0,170.0,368.0,145.04
15883,1.0,31.0,33.0,252.72
15889,1.0,213.0,369.0,132.1
15894,1.0,116.0,369.0,106.81
15898,4.0,367.0,368.0,251.5475
15901,2.0,138.0,154.0,119.63
15903,6.0,286.0,295.0,827.58
15906,4.0,236.0,255.0,289.09000000000003
15907,2.0,207.0,210.0,329.40000000000003
15910,7.0,316.0,316.0,154.1985714285714
15912,1.0,55.0,233.0,123.13
15916,6.0,350.0,366.0,211.73499999999999
15918,1.0,81.0,271.0,192.23000000000002
15919,1.0,349.0,368.0,311.61
15932,7.0,285.0,289.0,311.16285714285715
15933,2.0,65.0,86.0,347.825
15938,4.0,211.0,323.0,82.42
15939,12.0,242.0,331.0,446.07916666666665
15948,1.0,35.0,43.0,311.0
15949,1.0,55.0,71.0,127.67999999999999
15950,3.0,328.0,359.0,438.62999999999994
15951,1.0,277.0,285.0,333.05
15952,3.0,192.0,225.0,183.08666666666667
15953,7.0,354.0,369.0,207.07714285714286
15955,9.0,348.0,372.0,427.09777777777776
15963,1.0,26.0,45.0,190.72
15965,2.0,350.0,367.0,326.34000000000003
15967,1.0,295.0,318.0,235.78
15969,2.0,183.0,185.0,178.7
15971,10.0,294.0,311.0,343.29
15974,6.0,249.0,288.0,445.48499999999996
15976,1.0,55.0,220.0,217.65
15977,1.0,22.0,39.0,699.1
15980,1.0,166.0,254.0,1638.68
15981,7.0,287.0,311.0,448.3542857142857
15983,3.0,351.0,373.0,344.71000000000004
15984,9.0,366.0,368.0,295.3255555555555
15985,1.0,113.0,236.0,242.84
15987,5.0,356.0,368.0,263.858
15990,1.0,243.0,287.0,390.74
15993,4.0,36.0,44.0,372.78499999999997
15996,5.0,278.0,366.0,153.866
15998,4.0,326.0,362.0,554.2075
16003,3.0,330.0,359.0,518.1233333333333
16005,2.0,258.0,270.0,211.895
16007,3.0,168.0,215.0,443.28
16008,2.0,181.0,204.0,169.815
16009,3.0,137.0,159.0,176.84
16010,2.0,117.0,362.0,141.15
16011,15.0,358.0,366.0,207.66733333333335
16012,2.0,120.0,155.0,525.12
16013,27.0,368.0,371.0,1335.874074074074
16014,2.0,254.0,291.0,196.6
16015,2.0,46.0,49.0,201.745
16016,6.0,363.0,366.0,183.74833333333333
16018,1.0,141.0,180.0,247.0
16019,8.0,318.0,364.0,445.8925
16020,1.0,49.0,65.0,332.21
16023,2.0,220.0,266.0,270.985
16027,5.0,211.0,302.0,122.82000000000001
16029,37.0,335.0,373.0,1865.0262162162162
16031,1.0,155.0,247.0,242.27
16033,17.0,364.0,369.0,507.2458823529412
16034,2.0,136.0,332.0,142.05
16036,1.0,176.0,263.0,570.19
16037,2.0,89.0,358.0,277.28
16038,2.0,194.0,201.0,77.41499999999999
16040,2.0,203.0,268.0,445.56
16041,1.0,111.0,141.0,426.6
16042,3.0,310.0,332.0,384.17333333333335
16043,3.0,280.0,317.0,155.38
16045,3.0,171.0,290.0,225.41666666666666
16049,2.0,35.0,75.0,295.35
16053,1.0,90.0,122.0,387.76
16057,3.0,268.0,284.0,526.38
16059,5.0,302.0,367.0,266.982
16062,3.0,355.0,364.0,302.02000000000004
16066,4.0,108.0,124.0,301.165
16070,1.0,10.0,32.0,165.3
16076,8.0,205.0,208.0,241.16
16079,2.0,24.0,40.0,421.89
16080,1.0,193.0,274.0,86.9
16081,4.0,310.0,366.0,660.4549999999999
16083,1.0,260.0,360.0,979.64
16085,4.0,297.0,320.0,200.04000000000002
16086,4.0,308.0,367.0,236.0325
16091,1.0,44.0,198.0,157.81
16092,2.0,140.0,254.0,253.495
16094,2.0,208.0,219.0,413.065
16098,6.0,286.0,373.0,262.505
16099,2.0,175.0,225.0,206.8
16102,2.0,86.0,128.0,501.18999999999994
16103,5.0,226.0,233.0,245.036
16107,6.0,166.0,183.0,445.21
16109,1.0,90.0,308.0,296.88
16110,2.0,266.0,311.0,458.475
16112,3.0,195.0,338.0,41.24666666666667
16115,7.0,283.0,292.0,217.43571428571428
16119,1.0,64.0,72.0,113.88
16121,1.0,158.0,215.0,568.72
16122,3.0,293.0,366.0,192.9
16126,3.0,267.0,296.0,1798.8066666666666
16128,4.0,265.0,282.0,372.98
16131,3.0,188.0,239.0,816.7266666666666
16133,28.0,315.0,318.0,509.4760714285714
16134,1.0,338.0,359.0,334.56
16136,2.0,218.0,277.0,275.04
16139,2.0,188.0,206.0,247.805
16140,1.0,306.0,371.0,601.04
16143,5.0,366.0,369.0,413.838
16145,10.0,351.0,359.0,349.671
16146,2.0,75.0,232.0,174.22
16149,1.0,138.0,142.0,116.84
16150,4.0,330.0,372.0,414.9
16153,4.0,305.0,354.0,402.30499999999995
16156,8.0,302.0,310.0,348.525
16157,2.0,57.0,72.0,244.185
16160,1.0,20.0,85.0,223.5
16161,18.0,367.0,368.0,298.3038888888889
16163,1.0,133.0,365.0,415.0
16164,2.0,25.0,42.0,288.56
16168,24.0,359.0,369.0,146.325
16169,3.0,67.0,75.0,411.8366666666666
16170,5.0,198.0,248.0,313.806
16172,3.0,146.0,241.0,313.61
16173,5.0,83.0,98.0,197.788
16174,2.0,25.0,151.0,343.7
16175,3.0,146.0,240.0,254.91
16180,6.0,152.0,252.0,1640.05
16182,3.0,222.0,294.0,1930.8833333333332
16184,5.0,147.0,211.0,202.114
16185,1.0,216.0,232.0,194.41
16186,9.0,350.0,372.0,411.0288888888889
16187,10.0,253.0,284.0,623.554
16188,3.0,198.0,242.0,276.7366666666667
16189,1.0,70.0,85.0,71.0
16191,9.0,358.0,360.0,505.88
16200,1.0,160.0,164.0,518.3
16201,3.0,106.0,109.0,519.89
16203,3.0,314.0,372.0,140.73333333333332
16205,3.0,149.0,179.0,215.09333333333333
16206,3.0,273.0,327.0,125.25333333333333
16208,1.0,245.0,289.0,166.67000000000002
16209,4.0,158.0,246.0,489.1675
16210,15.0,372.0,373.0,1240.104
16212,1.0,264.0,283.0,192.19
16214,2.0,99.0,269.0,259.89
16217,1.0,47.0,282.0,121.25
16218,5.0,344.0,373.0,522.676
16221,2.0,331.0,367.0,347.06
16224,3.0,192.0,249.0,375.9433333333333
16225,3.0,233.0,277.0,226.57000000000002
16226,2.0,32.0,235.0,62.16
16229,1.0,125.0,212.0,652.4
16230,1.0,31.0,220.0,266.1
16232,2.0,172.0,215.0,312.20500000000004
16233,2.0,295.0,366.0,194.64
16235,3.0,292.0,332.0,249.54666666666662
16239,1.0,133.0,189.0,66.3
16240,1.0,53.0,77.0,1894.01
16241,11.0,360.0,369.0,210.24181818181816
16242,6.0,269.0,277.0,561.4166666666666
16243,1.0,21.0,54.0,194.15
16244,1.0,161.0,372.0,466.12
16245,2.0,233.0,256.0,479.84000000000003
16249,4.0,187.0,239.0,246.31
16250,1.0,112.0,373.0,163.3
16253,1.0,189.0,255.0,1983.46
16255,7.0,349.0,365.0,320.8085714285714
16258,4.0,174.0,219.0,1042.7625
16261,3.0,229.0,246.0,158.67333333333332
16265,7.0,355.0,364.0,643.7414285714286
16266,5.0,133.0,206.0,120.72
16271,3.0,343.0,358.0,418.8066666666667
16279,2.0,155.0,176.0,571.85
16283,4.0,203.0,208.0,322.825
16284,1.0,19.0,50.0,422.43
16293,5.0,346.0,367.0,374.048
16295,3.0,55.0,64.0,324.21666666666664
16298,2.0,164.0,186.0,241.95
16303,2.0,308.0,333.0,2266.725
16306,5.0,154.0,367.0,112.83399999999999
16308,3.0,224.0,261.0,746.6666666666666
16309,1.0,134.0,240.0,372.37
16311,1.0,32.0,49.0,214.71
16313,1.0,46.0,49.0,106.53
16316,6.0,294.0,358.0,438.4483333333333
16317,2.0,178.0,297.0,385.445
16321,2.0,251.0,323.0,142.95
16322,1.0,35.0,36.0,113.67
16324,1.0,49.0,177.0,253.22
16325,2.0,199.0,245.0,201.70999999999998
16326,12.0,329.0,334.0,231.12250000000003
16327,5.0,355.0,369.0,656.934
16330,1.0,95.0,112.0,202.95
16332,6.0,277.0,305.0,243.41666666666666
16333,12.0,302.0,309.0,2136.44
16341,2.0,177.0,201.0,587.11
16342,3.0,104.0,179.0,61.81999999999999
16347,1.0,25.0,36.0,410.65999999999997
16348,5.0,208.0,240.0,196.84
16350,3.0,312.0,333.0,246.59
16352,1.0,20.0,37.0,289.52
16353,19.0,366.0,369.0,340.6163157894737
16354,1.0,10.0,73.0,29.7
16356,2.0,80.0,277.0,54.885
16357,2.0,180.0,213.0,260.49
16358,3.0,183.0,184.0,521.7833333333333
16359,8.0,324.0,331.0,207.315
16360,5.0,84.0,88.0,649.0600000000001
16361,3.0,62.0,71.0,185.42333333333332
16362,2.0,59.0,91.0,174.67000000000002
16364,1.0,126.0,137.0,359.49
16365,7.0,350.0,367.0,200.07999999999998
16367,1.0,325.0,362.0,633.58
16368,1.0,26.0,28.0,177.43
16369,2.0,178.0,196.0,594.44
16370,3.0,143.0,225.0,343.24666666666667
16374,1.0,196.0,262.0,304.58
16376,1.0,9.0,17.0,112.75999999999999
16378,2.0,63.0,310.0,109.375
16379,3.0,74.0,78.0,559.5066666666667
16383,1.0,194.0,268.0,334.3
16384,1.0,174.0,263.0,175.4
16385,2.0,306.0,366.0,203.83
16386,1.0,225.0,253.0,241.47
16389,3.0,230.0,283.0,420.8066666666667
16393,12.0,367.0,369.0,238.01333333333332
16394,4.0,233.0,289.0,310.7325
16395,4.0,270.0,330.0,295.23
16398,1.0,99.0,253.0,535.85
16399,1.0,216.0,235.0,229.61
16401,11.0,326.0,327.0,328.22
16402,1.0,105.0,369.0,87.80000000000001
16405,1.0,8.0,310.0,160.4
16407,8.0,300.0,312.0,227.055
16409,4.0,281.0,317.0,437.855
16411,1.0,350.0,369.0,83.15
16414,1.0,259.0,280.0,75.45
16416,2.0,30.0,56.0,358.755
16418,2.0,182.0,226.0,242.605
16419,4.0,199.0,311.0,176.5125
16422,47.0,352.0,369.0,702.4723404255318
16426,6.0,274.0,276.0,255.89833333333334
16427,1.0,21.0,284.0,131.26
16431,1.0,84.0,297.0,288.68
16434,6.0,270.0,299.0,186.38333333333333
16438,4.0,77.0,82.0,148.4875
16440,4.0,207.0,214.0,842.0525
16441,1.0,224.0,291.0,170.2
16442,2.0,359.0,360.0,231.12
16444,3.0,218.0,264.0,178.53
16446,1.0,205.0,205.0,168469.6
16449,1.0,83.0,280.0,291.0
16455,5.0,308.0,371.0,291.976
16456,4.0,274.0,373.0,342.69500000000005
16458,17.0,358.0,360.0,193.46117647058824
16460,2.0,53.0,81.0,276.195
16462,2.0,210.0,283.0,51.0
16463,3.0,183.0,204.0,367.6766666666667
16464,2.0,123.0,142.0,459.16499999999996
16466,6.0,259.0,292.0,247.80666666666664
16469,2.0,223.0,246.0,178.56
16470,3.0,307.0,358.0,178.80999999999997
16473,2.0,172.0,336.0,83.35
16474,5.0,138.0,145.0,293.82800000000003
16475,3.0,185.0,273.0,78.10000000000001
16477,6.0,308.0,371.0,378.135
16478,2.0,40.0,65.0,64.05
16484,1.0,17.0,190.0,118.6
16488,2.0,115.0,148.0,139.87
16493,3.0,250.0,329.0,407.9433333333333
16495,1.0,273.0,276.0,401.75
16496,2.0,308.0,316.0,431.40999999999997
16497,4.0,284.0,333.0,671.5975
16498,1.0,1.0,162.0,9.75
16499,1.0,4.0,364.0,147.35
16500,4.0,326.0,330.0,58.964999999999996
16503,3.0,254.0,360.0,314.6133333333333
16506,1.0,21.0,40.0,35.1
16511,2.0,245.0,266.0,293.99
16513,3.0,39.0,43.0,255.38
16515,4.0,259.0,311.0,326.07
16518,1.0,223.0,284.0,293.62
16519,1.0,340.0,365.0,109.28
16520,2.0,179.0,365.0,360.405
16523,17.0,314.0,315.0,510.26882352941175
16525,25.0,364.0,366.0,504.6404
16531,6.0,338.0,360.0,191.96166666666667
16532,2.0,321.0,338.0,2419.2
16533,2.0,49.0,68.0,359.295
16539,3.0,371.0,373.0,315.4866666666667
16546,1.0,82.0,372.0,487.75
16549,7.0,324.0,334.0,559.3442857142857
16550,4.0,260.0,368.0,436.0775
16551,2.0,241.0,336.0,305.525
16552,1.0,131.0,373.0,284.44
16553,5.0,197.0,360.0,822.076
16554,2.0,289.0,331.0,418.125
16555,1.0,74.0,109.0,133.91
16556,6.0,294.0,360.0,500.49
16557,1.0,113.0,137.0,180.7
16558,19.0,366.0,366.0,408.89947368421053
16560,1.0,332.0,358.0,509.23
16561,1.0,54.0,59.0,246.16
16566,4.0,277.0,292.0,129.94
16567,1.0,142.0,336.0,308.03999999999996
16570,8.0,296.0,311.0,411.0425
16571,2.0,255.0,281.0,492.505
16572,2.0,148.0,275.0,333.51
16573,1.0,206.0,290.0,370.98
16584,1.0,174.0,254.0,324.14
16589,2.0,90.0,161.0,170.78
16592,8.0,283.0,287.0,457.29999999999995
16593,2.0,277.0,327.0,130.215
16596,1.0,351.0,366.0,129.5
16600,5.0,334.0,338.0,137.53199999999998
16603,1.0,17.0,91.0,185.85
16607,13.0,341.0,358.0,226.37615384615384
16609,6.0,237.0,252.0,822.6550000000001
16612,3.0,279.0,311.0,302.5366666666667
16616,1.0,142.0,157.0,290.32
16618,3.0,291.0,322.0,639.81
16620,1.0,257.0,260.0,83.2
16621,3.0,226.0,277.0,216.87666666666667
16624,1.0,117.0,197.0,384.14
16626,16.0,266.0,266.0,226.08437500000002
16628,4.0,205.0,234.0,456.85
16629,1.0,23.0,96.0,180.95
16633,5.0,217.0,234.0,487.116
16634,1.0,150.0,372.0,53.1
16637,3.0,193.0,225.0,283.6166666666666
16638,9.0,346.0,368.0,181.14666666666665
16639,2.0,204.0,235.0,474.655
16642,1.0,203.0,207.0,380.6
16644,1.0,35.0,212.0,111.37
16647,1.0,35.0,204.0,86.31
16652,4.0,215.0,273.0,1296.4524999999999
16653,1.0,55.0,71.0,94.8
16654,3.0,227.0,368.0,124.62333333333333
16655,5.0,314.0,331.0,595.454
16656,14.0,342.0,364.0,585.5028571428572
16657,3.0,245.0,254.0,219.66666666666666
16660,2.0,303.0,319.0,492.525
16667,1.0,216.0,284.0,366.78
16668,5.0,269.0,284.0,51.192
16669,1.0,55.0,78.0,623.54
16670,9.0,342.0,358.0,410.25444444444446
16671,2.0,136.0,164.0,154.695
16672,17.0,264.0,266.0,409.38235294117646
16674,1.0,44.0,98.0,189.14000000000001
16676,3.0,304.0,337.0,375.76666666666665
16678,11.0,280.0,282.0,254.34636363636363
16681,5.0,181.0,253.0,293.748
16682,4.0,183.0,187.0,125.625
16684,15.0,354.0,358.0,4394.286666666667
16686,6.0,308.0,355.0,434.7916666666667
16688,3.0,59.0,60.0,359.03666666666663
16689,1.0,7.0,82.0,128.44
16690,1.0,129.0,201.0,139.07999999999998
16692,1.0,33.0,289.0,1117.5
16693,1.0,203.0,271.0,324.45
16696,3.0,113.0,248.0,207.5
16698,1.0,27.0,253.0,816.0
16700,12.0,358.0,366.0,394.9675
16701,11.0,353.0,361.0,447.4127272727273
16705,11.0,358.0,358.0,1173.0245454545454
16706,2.0,77.0,114.0,119.91
16709,3.0,197.0,281.0,636.4466666666666
16710,8.0,349.0,368.0,262.19625
16711,4.0,354.0,357.0,359.2075
16712,8.0,267.0,276.0,404.63625
16713,14.0,348.0,366.0,464.02500000000003
16716,1.0,45.0,311.0,166.8
16717,5.0,343.0,366.0,707.1659999999999
16719,6.0,354.0,368.0,223.24833333333333
16722,12.0,351.0,368.0,354.1775
16723,1.0,16.0,107.0,165.0
16725,5.0,69.0,371.0,126.934
16726,3.0,335.0,361.0,409.72333333333336
16728,3.0,218.0,264.0,274.59666666666664
16729,18.0,203.0,241.0,372.09666666666664
16730,2.0,267.0,319.0,278.045
16734,1.0,62.0,114.0,344.35
16735,3.0,256.0,334.0,546.7333333333332
16743,5.0,329.0,358.0,356.57
16744,6.0,162.0,173.0,196.99166666666665
16745,16.0,225.0,311.0,433.8375
16746,16.0,354.0,358.0,398.029375
16747,1.0,30.0,67.0,355.86
16748,4.0,317.0,334.0,259.225
16750,4.0,188.0,232.0,126.30749999999999
16755,2.0,201.0,315.0,579.685
16759,1.0,23.0,30.0,370.94
16762,2.0,125.0,144.0,446.545
16764,12.0,140.0,143.0,217.85583333333332
16767,7.0,286.0,316.0,529.9342857142857
16768,2.0,224.0,271.0,147.42000000000002
16770,4.0,315.0,372.0,156.575
16771,4.0,305.0,338.0,483.4875
16774,3.0,111.0,178.0,172.70666666666668
16775,10.0,357.0,367.0,145.961
16777,1.0,177.0,257.0,49.099999999999994
16778,1.0,200.0,274.0,152.76
16779,20.0,364.0,366.0,512.7405
16780,1.0,159.0,259.0,260.35
16782,12.0,355.0,365.0,158.64583333333334
16788,1.0,131.0,254.0,299.92
16790,5.0,34.0,37.0,176.282
16791,5.0,303.0,332.0,291.76000000000005
16794,8.0,179.0,180.0,117.64875
16801,3.0,110.0,273.0,280.7766666666667
16804,1.0,247.0,270.0,418.94
16805,1.0,187.0,360.0,245.82
16806,3.0,136.0,239.0,169.57000000000002
16807,2.0,128.0,270.0,375.18
16808,1.0,175.0,274.0,121.92
16809,4.0,239.0,262.0,175.10250000000002
16811,1.0,13.0,17.0,232.3
16813,9.0,196.0,204.0,162.3411111111111
16814,20.0,355.0,369.0,306.6755
16816,3.0,255.0,358.0,113.75999999999999
16817,8.0,366.0,368.0,170.06875
16818,10.0,195.0,205.0,279.515
16824,1.0,149.0,164.0,237.74
16825,1.0,147.0,185.0,456.48
16832,2.0,33.0,217.0,70.125
16833,2.0,333.0,334.0,398.525
16835,1.0,245.0,373.0,99.1
16836,1.0,77.0,116.0,160.55
16837,8.0,214.0,245.0,377.78
16838,1.0,91.0,288.0,196.73000000000002
16839,31.0,361.0,369.0,517.4874193548387
16841,5.0,251.0,287.0,310.488
16842,2.0,202.0,302.0,371.81
16843,11.0,285.0,327.0,857.9554545454546
16851,2.0,47.0,51.0,115.68
16852,1.0,166.0,176.0,31.85
16855,1.0,20.0,43.0,177.2
16859,1.0,117.0,261.0,487.97
16861,1.0,99.0,158.0,102.96
16863,1.0,335.0,366.0,338.55
16866,2.0,21.0,161.0,49.394999999999996
16869,3.0,153.0,175.0,194.53
16871,4.0,248.0,270.0,569.3299999999999
16872,2.0,107.0,184.0,145.82999999999998
16873,5.0,360.0,364.0,993.1959999999999
16875,3.0,272.0,339.0,575.5766666666667
16877,5.0,196.0,208.0,153.774
16880,5.0,159.0,189.0,244.31000000000003
16882,2.0,251.0,317.0,347.61
16883,1.0,184.0,371.0,144.45
16885,2.0,342.0,357.0,136.23000000000002
16889,2.0,142.0,336.0,527.81
16891,4.0,370.0,371.0,131.2925
16892,3.0,182.0,183.0,138.40333333333334
16897,1.0,14.0,313.0,76.75
16898,2.0,342.0,368.0,194.475
16899,5.0,353.0,360.0,220.102
16900,2.0,47.0,63.0,64.74
16904,13.0,363.0,367.0,253.55769230769232
16905,5.0,366.0,371.0,556.64
16906,3.0,167.0,248.0,148.96666666666667
16907,4.0,336.0,365.0,187.20999999999998
16910,7.0,87.0,91.0,199.59714285714287
16912,5.0,295.0,323.0,435.65600000000006
16915,5.0,274.0,283.0,113.476
16916,1.0,349.0,372.0,365.98
16918,4.0,268.0,317.0,198.26
16919,10.0,212.0,368.0,239.39000000000001
16923,16.0,350.0,362.0,407.41125
16924,2.0,63.0,84.0,279.39
16927,2.0,246.0,361.0,162.475
16928,16.0,293.0,373.0,168.15625
16929,6.0,152.0,155.0,177.70833333333334
16930,1.0,42.0,68.0,173.44
16931,19.0,364.0,369.0,231.7273684210526
16933,1.0,238.0,239.0,338.5
16938,3.0,300.0,308.0,814.6933333333333
16940,2.0,237.0,289.0,1146.1
16942,7.0,215.0,227.0,232.80714285714288
16943,2.0,107.0,318.0,182.85
16945,12.0,337.0,358.0,338.8041666666667
16948,2.0,187.0,325.0,182.70999999999998
16949,5.0,313.0,316.0,242.36999999999998
16950,2.0,311.0,367.0,503.28
16951,2.0,170.0,304.0,111.97999999999999
16954,7.0,359.0,359.0,248.32571428571427
16955,3.0,189.0,373.0,120.85666666666667
16957,1.0,42.0,281.0,301.8
16960,2.0,214.0,252.0,152.76
16966,6.0,232.0,240.0,290.96166666666664
16968,1.0,103.0,107.0,186.12
16969,2.0,152.0,191.0,126.52499999999999
16979,5.0,294.0,297.0,300.96999999999997
16980,1.0,36.0,291.0,346.59999999999997
16983,6.0,357.0,369.0,290.3966666666667
16984,1.0,42.0,130.0,1246.33
16985,6.0,341.0,358.0,755.1333333333333
16986,1.0,1.0,30.0,1790.0
16987,5.0,202.0,205.0,280.75
16989,5.0,143.0,150.0,55.11
16992,4.0,274.0,284.0,298.1775
16996,4.0,323.0,353.0,332.355
16997,2.0,37.0,325.0,156.0
16998,2.0,155.0,304.0,102.5
16999,1.0,51.0,74.0,238.99
17001,10.0,358.0,358.0,359.161
17002,2.0,205.0,290.0,490.33500000000004
17004,1.0,46.0,92.0,406.53999999999996
17006,3.0,71.0,75.0,167.00666666666666
17007,4.0,307.0,357.0,170.7025
17014,2.0,58.0,66.0,197.69
17015,2.0,157.0,185.0,659.03
17017,15.0,370.0,372.0,521.1293333333333
17018,1.0,285.0,325.0,515.1
17019,3.0,357.0,368.0,299.75333333333333
17024,2.0,112.0,157.0,32.3
17025,1.0,313.0,373.0,196.8
17026,1.0,184.0,369.0,121.68
17027,4.0,239.0,317.0,172.49
17029,1.0,126.0,236.0,358.0
17031,1.0,143.0,154.0,154.4
17033,2.0,273.0,359.0,361.16999999999996
17034,2.0,271.0,287.0,301.86
17035,1.0,66.0,311.0,174.02
17041,2.0,334.0,360.0,383.495
17042,4.0,245.0,247.0,192.7925
17043,3.0,234.0,266.0,520.1933333333333
17045,2.0,134.0,247.0,149.745
17047,1.0,120.0,205.0,351.46999999999997
17048,2.0,214.0,331.0,333.47
17049,7.0,273.0,275.0,675.7842857142857
17050,5.0,203.0,299.0,611.098
17054,4.0,217.0,245.0,260.565
17058,2.0,158.0,239.0,298.58500000000004
17059,4.0,340.0,369.0,589.5074999999999
17061,8.0,159.0,232.0,411.68499999999995
17062,3.0,56.0,369.0,117.89666666666666
17063,3.0,268.0,289.0,380.59
17064,2.0,269.0,327.0,355.75
17068,20.0,356.0,368.0,219.2995
17069,7.0,345.0,373.0,347.5214285714286
17071,7.0,281.0,309.0,302.92571428571426
17073,3.0,92.0,109.0,330.34999999999997
17075,3.0,300.0,317.0,215.08666666666667
17076,2.0,328.0,364.0,344.78999999999996
17080,1.0,247.0,269.0,211.3
17081,1.0,21.0,46.0,177.01
17082,1.0,285.0,318.0,1366.91
17083,2.0,194.0,303.0,357.21
17085,4.0,239.0,362.0,278.41499999999996
17086,5.0,56.0,63.0,327.52200000000005
17088,3.0,225.0,253.0,325.06
17090,6.0,350.0,354.0,318.90833333333336
17091,6.0,365.0,367.0,589.0516666666666
17092,3.0,227.0,277.0,546.3766666666667
17095,2.0,312.0,334.0,505.505
17096,3.0,246.0,261.0,296.2133333333333
17097,6.0,363.0,365.0,129.95000000000002
17101,3.0,168.0,178.0,463.7166666666667
17105,1.0,147.0,306.0,346.38
17107,4.0,245.0,278.0,2275.5675
17109,3.0,203.0,232.0,138.9
17114,7.0,329.0,334.0,94.36142857142856
17115,2.0,225.0,233.0,263.74
17119,1.0,56.0,59.0,59.66
17126,2.0,210.0,362.0,393.75
17131,3.0,70.0,75.0,557.8
17133,5.0,251.0,266.0,841.7639999999999
17134,1.0,158.0,264.0,94.5
17135,4.0,355.0,371.0,231.03750000000002
17139,8.0,273.0,288.0,1001.4237499999999
17144,1.0,83.0,84.0,388.68
17146,2.0,253.0,358.0,225.765
17147,3.0,289.0,311.0,435.03
17152,1.0,69.0,263.0,1373.6
17155,1.0,160.0,177.0,108.39999999999999
17157,1.0,169.0,176.0,157.54
17158,2.0,328.0,360.0,426.59
17159,2.0,150.0,171.0,505.21500000000003
17160,5.0,210.0,241.0,581.2239999999999
17162,5.0,277.0,305.0,258.21
17163,1.0,57.0,78.0,170.0
17164,4.0,241.0,273.0,460.055
17166,1.0,165.0,203.0,78.75
17169,1.0,126.0,183.0,527.1
17173,6.0,126.0,131.0,550.6366666666667
17175,3.0,252.0,296.0,308.2033333333333
17179,2.0,183.0,361.0,234.395
17180,2.0,260.0,316.0,269.265
17181,1.0,316.0,373.0,84.4
17183,5.0,98.0,105.0,603.528
17186,1.0,14.0,60.0,72.0
17188,5.0,351.0,362.0,392.11800000000005
17189,1.0,253.0,359.0,157.18
17190,1.0,149.0,207.0,249.74
17191,4.0,340.0,368.0,395.8925
17193,4.0,141.0,176.0,312.685
17198,2.0,348.0,371.0,210.10500000000002
17203,2.0,25.0,60.0,1148.055
17204,2.0,88.0,263.0,387.825
17211,7.0,343.0,369.0,291.98857142857145
17213,5.0,326.0,366.0,493.666
17214,5.0,299.0,359.0,177.614
17218,9.0,364.0,368.0,184.93666666666667
17220,9.0,340.0,364.0,318.89444444444445
17221,1.0,29.0,36.0,202.2
17223,1.0,58.0,368.0,124.05000000000001
17227,5.0,350.0,368.0,159.414
17228,7.0,357.0,372.0,246.11285714285714
17229,1.0,46.0,142.0,161.05
17230,3.0,95.0,359.0,625.7166666666667
17231,9.0,349.0,361.0,321.4122222222222
17232,1.0,12.0,14.0,209.73
17235,1.0,347.0,372.0,208.16
17236,5.0,350.0,362.0,157.97
17237,1.0,11.0,22.0,71.09
17238,14.0,369.0,371.0,239.215
17242,1.0,72.0,180.0,425.59999999999997
17243,25.0,368.0,369.0,330.99
17250,1.0,258.0,261.0,219.32
17252,1.0,70.0,186.0,11.9
17254,1.0,11.0,15.0,102.13
17255,1.0,259.0,299.0,183.22
17256,1.0,205.0,312.0,112.1
17259,1.0,220.0,368.0,213.28
17262,3.0,314.0,366.0,328.1666666666667
17265,1.0,42.0,180.0,172.17000000000002
17266,2.0,145.0,147.0,91.76
17268,3.0,138.0,245.0,208.46666666666667
17272,3.0,220.0,262.0,496.98333333333335
17277,1.0,95.0,322.0,348.33
17282,2.0,169.0,299.0,480.78
17284,5.0,276.0,336.0,186.27400000000003
17287,6.0,346.0,372.0,155.85666666666665
17288,6.0,349.0,358.0,214.01166666666666
17289,2.0,149.0,180.0,383.28499999999997
17290,1.0,13.0,16.0,164.18
17293,7.0,353.0,361.0,215.41714285714286
17295,1.0,36.0,64.0,267.64
17298,1.0,23.0,124.0,390.78
17299,3.0,162.0,173.0,168.32666666666668
17302,4.0,291.0,305.0,238.195
17306,14.0,343.0,353.0,593.3792857142856
17311,1.0,238.0,316.0,828.39
17312,2.0,21.0,159.0,249.25
17314,7.0,288.0,312.0,332.01714285714286
17315,34.0,356.0,357.0,180.35970588235293
17317,2.0,43.0,89.0,286.2
17320,2.0,268.0,368.0,374.85
17321,1.0,59.0,67.0,41.25
17323,6.0,277.0,292.0,127.47166666666668
17324,3.0,349.0,366.0,286.47666666666663
17329,1.0,301.0,315.0,279.75
17330,1.0,45.0,67.0,99.0
17334,1.0,6.0,308.0,10.5
17337,3.0,159.0,310.0,330.07666666666665
17338,7.0,344.0,361.0,816.7357142857143
17339,1.0,271.0,365.0,183.35999999999999
17340,7.0,337.0,366.0,1383.1457142857143
17341,1.0,210.0,366.0,265.68
17345,2.0,181.0,196.0,197.155
17346,13.0,370.0,373.0,191.44384615384615
17348,4.0,283.0,297.0,249.1125
17350,2.0,43.0,51.0,564.915
17351,2.0,237.0,273.0,194.27499999999998
17353,1.0,25.0,154.0,870.0
17358,1.0,52.0,355.0,119.15
17360,1.0,167.0,184.0,247.34
17361,2.0,242.0,291.0,221.6
17362,1.0,70.0,309.0,162.23000000000002
17364,9.0,331.0,331.0,449.2055555555555
17365,6.0,320.0,332.0,669.9433333333333
17368,7.0,314.0,337.0,187.96
17370,3.0,97.0,169.0,111.82666666666667
17371,1.0,344.0,361.0,326.26
17372,7.0,322.0,362.0,166.96
17373,3.0,272.0,312.0,167.22333333333333
17374,1.0,63.0,281.0,303.82
17375,2.0,162.0,361.0,145.195
17376,1.0,241.0,311.0,97.35
17377,19.0,350.0,373.0,201.81157894736842
17381,19.0,364.0,372.0,1012.6068421052631
17384,1.0,200.0,219.0,108.75
17386,3.0,158.0,165.0,691.0333333333333
17387,1.0,14.0,33.0,437.67
17388,3.0,210.0,287.0,292.65333333333336
17389,31.0,331.0,331.0,1023.4883870967742
17391,1.0,1.0,164.0,101.76
17392,1.0,52.0,358.0,145.5
17396,3.0,332.0,371.0,2305.1
17398,2.0,141.0,255.0,173.85
17400,4.0,227.0,353.0,418.4175
17402,10.0,365.0,369.0,213.888
17404,12.0,356.0,360.0,2549.485
17405,2.0,149.0,150.0,319.05
17406,1.0,33.0,366.0,1482.32
17409,1.0,64.0,248.0,511.29999999999995
17410,4.0,199.0,215.0,228.07999999999998
17411,2.0,249.0,261.0,246.68
17412,6.0,370.0,372.0,176.79333333333332
17414,1.0,141.0,184.0,180.0
17416,6.0,252.0,281.0,796.4516666666667
17418,1.0,281.0,323.0,296.07
17419,10.0,356.0,367.0,385.23
17420,2.0,323.0,373.0,233.99
17422,5.0,280.0,296.0,331.62399999999997
17423,1.0,171.0,217.0,248.99
17425,1.0,41.0,60.0,70.2
17426,3.0,274.0,282.0,1281.1266666666668
17428,20.0,368.0,368.0,845.1924999999999
17429,2.0,90.0,218.0,169.03
17430,1.0,333.0,365.0,153.16
17432,1.0,19.0,37.0,189.87
17434,6.0,83.0,85.0,312.37666666666667
17436,1.0,225.0,226.0,93.9
17440,1.0,91.0,247.0,61.8
17442,5.0,254.0,290.0,361.546
17444,1.0,21.0,172.0,1217.6399999999999
17446,1.0,134.0,310.0,52.8
17447,1.0,31.0,71.0,169.05
17449,5.0,357.0,359.0,366.39
17450,26.0,359.0,367.0,7398.536538461539
17451,4.0,104.0,105.0,343.8475
17453,1.0,47.0,64.0,144.72
17454,3.0,167.0,359.0,117.22666666666667
17457,4.0,213.0,339.0,337.975
17459,1.0,17.0,60.0,356.91
17460,5.0,279.0,373.0,120.506
17461,1.0,7.0,29.0,353.26
17462,1.0,224.0,284.0,212.28
17463,4.0,297.0,313.0,296.1
17466,1.0,68.0,78.0,302.87
17468,1.0,4.0,14.0,30.0
17469,4.0,188.0,204.0,391.40250000000003
17470,4.0,323.0,367.0,236.6675
17472,2.0,108.0,299.0,224.415
17481,3.0,90.0,93.0,331.65333333333336
17483,2.0,118.0,183.0,129.47
17489,1.0,154.0,212.0,168.08
17490,5.0,176.0,176.0,357.42400000000004
17491,9.0,366.0,367.0,359.0522222222222
17495,1.0,31.0,38.0,154.97
17500,2.0,12.0,29.0,425.0
17502,3.0,20.0,29.0,154.16666666666666
17503,1.0,36.0,38.0,218.53
17504,5.0,116.0,322.0,511.17600000000004
17505,1.0,44.0,205.0,658.85
17507,1.0,48.0,309.0,265.02
17509,2.0,6.0,63.0,890.64
17511,27.0,371.0,373.0,3305.0607407407406
17512,9.0,273.0,301.0,270.05333333333334
17515,3.0,287.0,318.0,135.84666666666666
17516,3.0,270.0,285.0,146.75
17519,5.0,351.0,368.0,301.744
17521,2.0,170.0,199.0,281.825
17522,4.0,217.0,218.0,229.67749999999998
17523,2.0,8.0,19.0,201.76500000000001
17526,3.0,361.0,365.0,323.03333333333336
17527,3.0,165.0,218.0,215.75333333333333
17528,6.0,70.0,71.0,420.2366666666667
17530,8.0,364.0,365.0,257.73625
17537,1.0,274.0,303.0,266.92
17540,1.0,292.0,316.0,310.1
17549,1.0,28.0,51.0,120.66
17550,1.0,46.0,243.0,110.94
17552,2.0,312.0,372.0,315.945
17554,4.0,147.0,148.0,295.005
17555,1.0,315.0,334.0,284.86
17557,2.0,67.0,81.0,126.55000000000001
17560,4.0,216.0,310.0,173.2125
17562,6.0,159.0,173.0,137.04666666666665
17564,2.0,56.0,80.0,167.445
17566,1.0,17.0,25.0,474.95
17567,7.0,365.0,372.0,544.79
17571,3.0,248.0,298.0,380.5733333333333
17572,3.0,302.0,373.0,51.98333333333333
17573,2.0,64.0,93.0,102.945
17576,17.0,357.0,365.0,202.65764705882353
17579,2.0,175.0,179.0,142.245
17580,2.0,106.0,358.0,82.96000000000001
17581,9.0,372.0,372.0,1137.6066666666668
17584,1.0,120.0,127.0,492.85
17585,3.0,229.0,338.0,232.95666666666668
17588,2.0,132.0,232.0,421.5
17589,3.0,180.0,240.0,604.0500000000001
17590,2.0,38.0,40.0,558.695
17591,6.0,294.0,367.0,303.2283333333333
17593,4.0,349.0,352.0,815.24
17594,1.0,169.0,254.0,678.18
17595,1.0,25.0,37.0,230.89
17596,6.0,345.0,368.0,402.61999999999995
17602,5.0,322.0,324.0,857.4739999999999
17604,1.0,95.0,312.0,173.12
17609,3.0,287.0,327.0,225.7266666666667
17611,13.0,354.0,361.0,285.9176923076923
17612,5.0,244.0,297.0,348.598
17613,10.0,283.0,305.0,395.775
17615,2.0,92.0,222.0,87.925
17616,2.0,194.0,367.0,122.39999999999999
17618,2.0,357.0,362.0,325.65
17621,2.0,333.0,354.0,570.25
17624,1.0,204.0,218.0,443.18
17625,3.0,239.0,257.0,492.79
17629,7.0,354.0,359.0,225.06714285714287
17630,1.0,63.0,232.0,168.1
17631,2.0,231.0,232.0,112.89
17633,3.0,89.0,120.0,330.65000000000003
17634,8.0,301.0,337.0,196.6175
17637,1.0,84.0,115.0,208.11
17642,1.0,57.0,176.0,316.99
17644,7.0,259.0,260.0,350.45285714285717
17646,2.0,146.0,365.0,378.69500000000005
17648,2.0,189.0,249.0,606.815
17651,8.0,166.0,177.0,448.0125
17652,11.0,256.0,281.0,422.3109090909091
17653,3.0,84.0,120.0,348.1066666666666
17655,6.0,356.0,366.0,327.14
17656,4.0,55.0,128.0,333.27750000000003
17658,1.0,186.0,211.0,277.82
17659,11.0,355.0,372.0,250.15090909090907
17663,6.0,262.0,287.0,238.58666666666667
17664,1.0,194.0,212.0,278.45
17666,1.0,62.0,65.0,319.08000000000004
17667,3.0,232.0,298.0,375.82
17668,1.0,37.0,38.0,185.9
17669,6.0,207.0,249.0,488.5366666666667
17671,3.0,350.0,365.0,392.8433333333333
17672,1.0,259.0,309.0,2000.33
17673,5.0,319.0,320.0,238.51
17674,1.0,294.0,368.0,250.38
17675,28.0,366.0,367.0,705.6128571428571
17676,5.0,362.0,366.0,214.096
17677,17.0,367.0,368.0,904.7282352941176
17679,1.0,33.0,85.0,348.90999999999997
17682,5.0,358.0,368.0,416.566
17685,6.0,356.0,372.0,450.5516666666667
17686,4.0,295.0,302.0,1036.7125
17690,13.0,343.0,373.0,334.61538461538464
17691,1.0,10.0,368.0,147.9
17692,3.0,232.0,359.0,132.56
17695,1.0,40.0,171.0,411.74
17696,6.0,326.0,364.0,351.685
17700,3.0,265.0,281.0,644.01
17702,3.0,176.0,206.0,461.5233333333333
17703,2.0,103.0,138.0,284.79999999999995
17704,1.0,71.0,239.0,497.9
17705,8.0,298.0,301.0,210.9025
17706,11.0,362.0,366.0,911.5145454545454
17707,1.0,151.0,336.0,68.7
17708,1.0,137.0,324.0,156.48000000000002
17711,1.0,279.0,289.0,164.57
17716,8.0,245.0,267.0,623.81625
17719,14.0,218.0,255.0,344.015
17720,3.0,341.0,367.0,364.6466666666667
17722,3.0,270.0,366.0,504.6333333333334
17723,5.0,87.0,214.0,588.92
17724,2.0,67.0,138.0,329.95
17725,10.0,251.0,267.0,310.137
17728,2.0,83.0,86.0,1265.49
17730,12.0,323.0,326.0,415.5833333333333
17731,2.0,104.0,183.0,288.77
17733,1.0,223.0,261.0,475.24
17734,2.0,180.0,233.0,293.82500000000005
17735,17.0,365.0,367.0,744.4364705882354
17736,2.0,104.0,113.0,34.975
17737,1.0,49.0,58.0,80.85
17738,2.0,263.0,282.0,549.5649999999999
17739,6.0,349.0,360.0,405.215
17742,1.0,219.0,332.0,52.54
17744,5.0,355.0,358.0,388.976
17749,1.0,78.0,256.0,305.51
17750,8.0,159.0,164.0,175.76
17754,4.0,260.0,260.0,350.10249999999996
17757,29.0,371.0,372.0,187.79275862068965
17758,5.0,231.0,250.0,564.882
17759,1.0,152.0,169.0,652.81
17760,1.0,352.0,373.0,115.05
17764,1.0,161.0,211.0,541.88
17765,2.0,98.0,256.0,123.19
17768,2.0,158.0,166.0,848.0350000000001
17769,9.0,308.0,320.0,398.5577777777778
17770,3.0,84.0,282.0,180.03333333333333
17771,1.0,267.0,323.0,129.53
17774,3.0,209.0,305.0,331.24666666666667
17777,2.0,76.0,100.0,228.88
17779,2.0,122.0,143.0,163.615
17781,1.0,94.0,253.0,86.02000000000001
17783,1.0,175.0,247.0,171.06
17786,1.0,232.0,317.0,163.5
17787,3.0,219.0,371.0,360.42
17788,1.0,56.0,129.0,1101.2
17790,11.0,338.0,364.0,166.85909090909092
17795,1.0,85.0,264.0,187.14
17796,3.0,329.0,369.0,191.78333333333333
17797,1.0,160.0,182.0,508.02
17799,8.0,339.0,361.0,351.96125
17800,8.0,297.0,334.0,131.27
17802,2.0,290.0,372.0,592.4200000000001
17809,9.0,357.0,373.0,597.4566666666666
17811,37.0,329.0,333.0,204.75270270270272
17812,3.0,356.0,368.0,168.83666666666667
17813,4.0,57.0,71.0,347.865
17816,3.0,329.0,365.0,6.783333333333334
17817,1.0,273.0,277.0,117.98
17819,6.0,300.0,371.0,518.9
17827,2.0,359.0,364.0,358.185
17828,3.0,162.0,184.0,163.97666666666666
17830,2.0,287.0,288.0,105.1
17835,2.0,21.0,23.0,116.2
17837,7.0,121.0,163.0,203.06142857142854
17838,4.0,346.0,372.0,509.085
17841,111.0,372.0,373.0,360.032072072072
17848,8.0,277.0,358.0,100.4875
17849,3.0,115.0,333.0,129.35
17850,1.0,1.0,373.0,3891.87
17854,1.0,42.0,227.0,199.5
17856,3.0,280.0,281.0,311.74
17857,19.0,361.0,365.0,1261.3863157894737
17858,11.0,364.0,369.0,445.8554545454545
17861,6.0,316.0,319.0,309.33666666666664
17863,5.0,310.0,369.0,555.0559999999999
17864,2.0,263.0,275.0,177.0
17865,15.0,334.0,364.0,651.1846666666667
17867,3.0,258.0,288.0,377.4566666666667
17869,3.0,261.0,368.0,71.28666666666668
17870,8.0,364.0,366.0,192.43625
17873,4.0,293.0,373.0,378.65749999999997
17874,2.0,70.0,255.0,309.15
17883,3.0,243.0,246.0,181.66333333333333
17884,3.0,368.0,371.0,169.18666666666664
17886,2.0,218.0,249.0,324.67
17888,7.0,336.0,357.0,98.08142857142856
17889,1.0,110.0,322.0,102.02
17890,1.0,39.0,361.0,123.88
17892,2.0,99.0,155.0,51.0
17894,7.0,295.0,366.0,144.53857142857143
17897,2.0,201.0,373.0,189.235
17898,1.0,122.0,207.0,52.22
17905,3.0,302.0,373.0,199.49666666666667
17912,3.0,54.0,364.0,68.62
17913,1.0,297.0,355.0,190.60000000000002
17917,2.0,317.0,362.0,113.935
17920,16.0,369.0,373.0,228.38375
17921,3.0,202.0,266.0,180.72
17924,4.0,362.0,373.0,670.875
17926,1.0,70.0,203.0,185.56
17928,1.0,201.0,246.0,106.2
17929,3.0,297.0,308.0,215.6
17930,4.0,204.0,239.0,337.47
17931,1.0,121.0,255.0,111.16
17932,2.0,182.0,211.0,371.28
17934,1.0,7.0,58.0,65.8
17935,1.0,3.0,141.0,8.32
17937,6.0,354.0,362.0,484.60999999999996
17940,7.0,253.0,302.0,158.1057142857143
17946,1.0,26.0,259.0,132.03
17949,27.0,370.0,371.0,2100.6103703703707
17950,1.0,293.0,365.0,219.03
17951,2.0,334.0,373.0,356.52
17954,11.0,366.0,371.0,200.48636363636362
17955,2.0,21.0,219.0,143.475
17961,34.0,351.0,372.0,34.37911764705883
17964,1.0,341.0,372.0,201.45
17965,12.0,332.0,369.0,213.48666666666668
17966,3.0,224.0,261.0,317.1433333333334
17969,1.0,195.0,361.0,103.0
17974,2.0,195.0,219.0,269.96000000000004
17975,12.0,351.0,366.0,347.155
17979,2.0,224.0,259.0,248.67000000000002
17980,2.0,194.0,359.0,258.125
17988,4.0,315.0,326.0,34.0325
17990,2.0,125.0,361.0,231.42000000000002
17991,1.0,1.0,226.0,87.45
17994,3.0,169.0,290.0,123.19666666666667
17997,7.0,90.0,164.0,234.2757142857143
17999,1.0,329.0,366.0,190.05
18001,1.0,74.0,86.0,165.0
18005,1.0,44.0,47.0,94.4
18008,7.0,248.0,318.0,283.6257142857143
18016,4.0,332.0,364.0,330.2525
18017,2.0,229.0,310.0,179.0
18018,1.0,91.0,199.0,84.69
18030,1.0,38.0,42.0,109.55
18035,1.0,8.0,43.0,235.35999999999999
18036,2.0,213.0,245.0,146.585
18037,5.0,208.0,362.0,7.744
18040,1.0,226.0,245.0,118.2
18041,19.0,361.0,372.0,193.89105263157893
18043,2.0,342.0,366.0,120.69
18044,9.0,356.0,360.0,223.81666666666666
18055,9.0,362.0,369.0,703.321111111111
18059,2.0,44.0,67.0,91.19
18061,9.0,345.0,366.0,190.47222222222223
18062,2.0,164.0,337.0,275.36
18064,1.0,102.0,235.0,406.0
18065,5.0,359.0,364.0,409.562
18069,4.0,301.0,327.0,430.53249999999997
18071,1.0,108.0,365.0,194.05
18073,9.0,83.0,197.0,421.8688888888889
18075,9.0,337.0,360.0,268.0888888888889
18077,10.0,358.0,366.0,237.954
18078,1.0,42.0,259.0,138.19
18079,2.0,193.0,238.0,1000.1600000000001
18080,1.0,224.0,242.0,390.0
18081,2.0,97.0,133.0,115.10000000000001
18085,1.0,43.0,373.0,386.05
18092,9.0,363.0,365.0,842.5044444444444
18093,3.0,209.0,302.0,417.86666666666673
18094,4.0,210.0,291.0,628.145
18095,1.0,20.0,332.0,205.3
18096,2.0,52.0,63.0,353.17499999999995
18097,4.0,347.0,354.0,619.97
18101,1.0,132.0,143.0,112.17
18102,25.0,367.0,367.0,9349.4772
18109,24.0,368.0,369.0,321.97791666666666
18112,1.0,154.0,166.0,156.05
18116,7.0,297.0,364.0,179.97571428571428
18118,25.0,359.0,369.0,206.0228
18121,1.0,5.0,154.0,23.25
18122,5.0,142.0,150.0,334.53000000000003
18123,1.0,7.0,31.0,265.96
18125,3.0,287.0,316.0,195.51
18127,1.0,114.0,133.0,207.48000000000002
18130,2.0,42.0,57.0,372.765
18135,4.0,161.0,190.0,143.0225
18136,2.0,256.0,319.0,247.67000000000002
18139,1.0,1.0,18.0,1825.74
18142,1.0,58.0,215.0,737.04
18143,1.0,25.0,141.0,519.98
18144,10.0,366.0,373.0,272.37
18145,3.0,300.0,312.0,750.8466666666667
18146,1.0,80.0,220.0,83.69999999999999
18147,1.0,63.0,108.0,80.46000000000001
18149,2.0,223.0,273.0,192.14999999999998
18150,2.0,169.0,201.0,169.5
18151,1.0,155.0,289.0,340.8
18154,1.0,40.0,43.0,178.7
18155,2.0,216.0,291.0,128.845
18156,1.0,357.0,369.0,488.76
18158,1.0,79.0,88.0,109.6
18160,1.0,143.0,200.0,319.51
18161,4.0,304.0,319.0,329.28999999999996
18167,2.0,82.0,105.0,443.19
18168,5.0,196.0,372.0,179.348
18170,2.0,184.0,217.0,338.05
18171,4.0,275.0,333.0,247.71499999999997
18172,13.0,275.0,289.0,429.4846153846154
18173,3.0,188.0,274.0,417.7866666666667
18177,5.0,224.0,255.0,234.36400000000003
18178,3.0,236.0,364.0,430.05333333333334
18179,5.0,327.0,336.0,291.474
18180,5.0,138.0,142.0,308.62
18183,1.0,47.0,274.0,319.27
18188,2.0,275.0,290.0,787.22
18189,1.0,190.0,267.0,457.14
18190,1.0,138.0,330.0,113.0
18196,1.0,195.0,290.0,235.85
18198,16.0,332.0,336.0,320.31374999999997
18202,1.0,112.0,311.0,911.26
18204,2.0,121.0,192.0,717.185
18205,1.0,38.0,74.0,291.6
18210,5.0,266.0,267.0,495.796
18211,4.0,253.0,278.0,115.5425
18217,1.0,41.0,70.0,303.85
18218,1.0,70.0,281.0,352.7
18219,8.0,366.0,368.0,232.4475
18221,4.0,189.0,211.0,201.785
18223,12.0,354.0,358.0,498.5708333333334
18225,11.0,362.0,365.0,497.7236363636364
18226,10.0,293.0,337.0,481.075
18228,1.0,23.0,79.0,359.51
18229,19.0,362.0,373.0,364.87894736842105
18230,6.0,293.0,302.0,390.8966666666667
18231,4.0,96.0,288.0,445.1925
18232,3.0,116.0,197.0,161.70666666666668
18235,2.0,146.0,217.0,683.01
18236,5.0,211.0,240.0,151.808
18237,4.0,132.0,134.0,165.93
18239,4.0,154.0,372.0,280.8775
18241,16.0,208.0,217.0,106.70375
18242,2.0,141.0,213.0,959.115
18245,4.0,348.0,355.0,550.3325
18246,1.0,210.0,233.0,363.2
18248,1.0,64.0,186.0,307.56
18252,1.0,121.0,171.0,448.37
18257,6.0,257.0,296.0,334.87166666666667
18259,2.0,342.0,366.0,981.1500000000001
18260,5.0,186.0,358.0,479.53000000000003
18261,1.0,52.0,95.0,99.44
18263,2.0,227.0,252.0,452.78
18265,1.0,86.0,158.0,312.96
18270,1.0,228.0,266.0,171.20000000000002
18272,5.0,244.0,246.0,487.75200000000007
18273,2.0,255.0,257.0,76.5
18282,1.0,119.0,126.0,77.84
18283,13.0,334.0,337.0,148.54846153846154
18287,2.0,159.0,201.0,536.0
